Date,profolio1,profolio2
1999/1/6,0,0
1999/1/7,0,0
1999/1/8,0,0
1999/1/11,0,0
1999/1/12,0,0
1999/1/13,0,0
1999/1/14,0,0
1999/1/15,0,0
1999/1/16,0,0
1999/1/18,0,0
1999/1/19,0,0
1999/1/20,0,0
1999/1/21,0,0
1999/1/22,0,0
1999/1/25,0,0
1999/1/26,0,0
1999/1/27,0,0
1999/1/28,0,0
1999/1/29,0,0
1999/1/30,0,0
1999/2/1,0,0
1999/2/2,0,0
1999/2/3,0,0
1999/2/4,0,0
1999/2/5,0,0
1999/2/6,0,0
1999/2/8,0,0
1999/2/9,0,0
1999/2/10,0,0
1999/2/20,0,0
1999/2/22,0,0
1999/2/23,0,0
1999/2/24,0,0
1999/2/25,0,0
1999/2/26,0,0
1999/3/1,0,0
1999/3/2,0,0
1999/3/3,0,0
1999/3/4,0,0
1999/3/5,0,0
1999/3/6,0,0
1999/3/8,0,0
1999/3/9,0,0
1999/3/10,0,0
1999/3/11,0,0
1999/3/12,0,0
1999/3/15,0,0
1999/3/16,0,0
1999/3/17,0,0
1999/3/18,0,0
1999/3/19,0,0
1999/3/20,0,0
1999/3/22,0,0
1999/3/23,0,0
1999/3/24,0,0
1999/3/25,0,0
1999/3/26,0,0
1999/3/29,0,0
1999/3/30,544,0
1999/3/31,544,0
1999/4/1,544,0
1999/4/2,926,0
1999/4/3,926,0
1999/4/6,926,0
1999/4/7,926,0
1999/4/8,926,0
1999/4/9,926,0
1999/4/12,926,0
1999/4/13,926,0
1999/4/14,926,0
1999/4/15,926,0
1999/4/16,926,0
1999/4/17,926,0
1999/4/19,926,0
1999/4/20,926,0
1999/4/21,926,0
1999/4/22,926,0
1999/4/23,926,0
1999/4/26,926,0
1999/4/27,926,0
1999/4/28,926,0
1999/4/29,941,0
1999/4/30,941,0
1999/5/3,941,0
1999/5/4,941,0
1999/5/5,941,0
1999/5/6,941,0
1999/5/7,1079,0
1999/5/10,1079,0
1999/5/11,1079,0
1999/5/12,1079,0
1999/5/13,1029,0
1999/5/14,1029,0
1999/5/15,1029,0
1999/5/17,1160,0
1999/5/18,1160,0
1999/5/19,1160,0
1999/5/20,1160,0
1999/5/21,1160,0
1999/5/24,1160,0
1999/5/25,1160,0
1999/5/26,1060,0
1999/5/27,1060,0
1999/5/28,1060,0
1999/5/29,1060,0
1999/5/31,1060,0
1999/6/1,1060,0
1999/6/2,1060,0
1999/6/3,1060,0
1999/6/4,1060,0
1999/6/5,1144,0
1999/6/7,1144,0
1999/6/8,1144,0
1999/6/9,1144,0
1999/6/10,1144,0
1999/6/11,1144,0
1999/6/14,1144,0
1999/6/15,1144,0
1999/6/16,1144,0
1999/6/17,1144,0
1999/6/21,1144,0
1999/6/22,1144,0
1999/6/23,1144,0
1999/6/24,1144,0
1999/6/25,1144,0
1999/6/28,1144,0
1999/6/29,1144,0
1999/6/30,1144,0
1999/7/2,2191,0
1999/7/3,2176,0
1999/7/5,2176,0
1999/7/6,2176,0
1999/7/7,2176,0
1999/7/8,2176,0
1999/7/9,2176,0
1999/7/12,2110,0
1999/7/13,2110,0
1999/7/14,2110,0
1999/7/15,2110,0
1999/7/16,2110,0
1999/7/17,2110,0
1999/7/19,2110,0
1999/7/20,2110,0
1999/7/21,2110,0
1999/7/22,2110,0
1999/7/23,2110,0
1999/7/26,2110,0
1999/7/27,2110,0
1999/7/28,2110,0
1999/7/29,2110,0
1999/7/30,2110,0
1999/7/31,2110,0
1999/8/2,2110,0
1999/8/3,2110,0
1999/8/4,2110,0
1999/8/5,2110,0
1999/8/6,2110,0
1999/8/7,2110,0
1999/8/9,2110,0
1999/8/10,2110,0
1999/8/11,2110,0
1999/8/12,2110,0
1999/8/13,2110,0
1999/8/16,2110,0
1999/8/17,2110,0
1999/8/18,1560,0
1999/8/19,1560,0
1999/8/20,1560,0
1999/8/21,1560,0
1999/8/23,1560,0
1999/8/24,1560,0
1999/8/25,1560,0
1999/8/26,1560,0
1999/8/27,1560,0
1999/8/30,1750,0
1999/8/31,1808,0
1999/9/1,1808,0
1999/9/2,1808,0
1999/9/3,1808,0
1999/9/4,1808,0
1999/9/6,1808,0
1999/9/7,1490,0
1999/9/8,1490,0
1999/9/9,1490,0
1999/9/10,1490,0
1999/9/13,1490,0
1999/9/14,1490,0
1999/9/15,1543,0
1999/9/16,1543,0
1999/9/17,1481,0
1999/9/18,1481,0
1999/9/20,1481,0
1999/9/27,1481,0
1999/9/28,1481,0
1999/9/29,1481,0
1999/9/30,1481,0
1999/10/1,1481,0
1999/10/2,1481,0
1999/10/4,1481,0
1999/10/5,1481,0
1999/10/6,1481,0
1999/10/7,1481,0
1999/10/8,1481,0
1999/10/11,1481,0
1999/10/12,1481,0
1999/10/13,1481,0
1999/10/14,1481,0
1999/10/15,1481,0
1999/10/16,1372,0
1999/10/18,1372,0
1999/10/19,1372,0
1999/10/20,1238,0
1999/10/21,1238,0
1999/10/22,1238,0
1999/10/25,1238,0
1999/10/26,1238,0
1999/10/27,1238,0
1999/10/28,1238,0
1999/10/29,1238,0
1999/10/30,1238,0
1999/11/1,1238,0
1999/11/2,1238,0
1999/11/3,1238,0
1999/11/4,1238,0
1999/11/5,1238,0
1999/11/6,1238,0
1999/11/8,1238,0
1999/11/9,1238,0
1999/11/10,1238,0
1999/11/11,1238,0
1999/11/15,1238,0
1999/11/16,1238,0
1999/11/17,1238,0
1999/11/18,1238,0
1999/11/19,1238,0
1999/11/20,1238,0
1999/11/22,1699,0
1999/11/23,1699,0
1999/11/24,1699,0
1999/11/25,1699,0
1999/11/26,1699,0
1999/11/29,1699,0
1999/11/30,1324,0
1999/12/1,1324,0
1999/12/2,1324,0
1999/12/3,1324,0
1999/12/4,1324,0
1999/12/6,1489,0
1999/12/7,1489,0
1999/12/8,1489,0
1999/12/9,1489,0
1999/12/10,1360,0
1999/12/13,1360,0
1999/12/14,1360,0
1999/12/15,1360,0
1999/12/16,1360,0
1999/12/17,1376,0
1999/12/18,1420,0
1999/12/20,1420,0
1999/12/21,1530,0
1999/12/22,1530,0
1999/12/23,1530,0
1999/12/24,1530,0
1999/12/27,1530,0
1999/12/28,1530,0
2000/1/4,1530,0
2000/1/5,1530,0
2000/1/6,1530,0
2000/1/7,1530,0
2000/1/10,1530,0
2000/1/11,1530,0
2000/1/12,1530,0
2000/1/13,1530,0
2000/1/14,1530,0
2000/1/15,1530,0
2000/1/17,1530,0
2000/1/18,1530,0
2000/1/19,1530,0
2000/1/20,1530,0
2000/1/21,1530,0
2000/1/24,1530,0
2000/1/25,1530,0
2000/1/26,1530,0
2000/1/27,1530,0
2000/1/28,1530,0
2000/1/29,1530,0
2000/1/31,1530,0
2000/2/1,1530,0
2000/2/9,1530,0
2000/2/10,1530,0
2000/2/11,1530,0
2000/2/14,1530,0
2000/2/15,1530,0
2000/2/16,1530,0
2000/2/17,1530,0
2000/2/18,1530,0
2000/2/19,1530,0
2000/2/21,1530,0
2000/2/22,1530,0
2000/2/23,3261,0
2000/2/24,3261,0
2000/2/25,3261,0
2000/2/29,3261,0
2000/3/1,3261,0
2000/3/2,3261,0
2000/3/3,3261,0
2000/3/4,3261,0
2000/3/6,3261,0
2000/3/7,3261,0
2000/3/8,3261,0
2000/3/9,3261,0
2000/3/10,3261,0
2000/3/13,3261,0
2000/3/14,3261,0
2000/3/15,3261,0
2000/3/16,3261,0
2000/3/17,3261,0
2000/3/20,3261,0
2000/3/21,3261,0
2000/3/22,3261,0
2000/3/23,3261,0
2000/3/24,3261,0
2000/3/27,3261,0
2000/3/28,3426,0
2000/3/29,3426,0
2000/3/30,3426,0
2000/3/31,3426,0
2000/4/1,3426,0
2000/4/5,3426,0
2000/4/6,3426,0
2000/4/7,3426,0
2000/4/8,3426,0
2000/4/10,3426,0
2000/4/11,3426,0
2000/4/12,3426,0
2000/4/13,3280,0
2000/4/14,3280,0
2000/4/15,3280,0
2000/4/17,3280,0
2000/4/18,3280,0
2000/4/19,3280,0
2000/4/20,3280,0
2000/4/21,3280,0
2000/4/24,3280,0
2000/4/25,3280,0
2000/4/26,3280,0
2000/4/27,3280,0
2000/4/28,3280,0
2000/4/29,3280,0
2000/5/2,3280,0
2000/5/3,3280,0
2000/5/4,3280,0
2000/5/5,3280,0
2000/5/6,3280,0
2000/5/8,3280,0
2000/5/9,3280,0
2000/5/10,3280,0
2000/5/11,3280,0
2000/5/12,3280,0
2000/5/15,3280,0
2000/5/16,3280,0
2000/5/17,3280,0
2000/5/18,3280,0
2000/5/19,3280,0
2000/5/20,3280,0
2000/5/22,3280,0
2000/5/23,3280,0
2000/5/24,3280,0
2000/5/25,3280,0
2000/5/26,3280,0
2000/5/29,3280,0
2000/5/30,3280,0
2000/5/31,3280,0
2000/6/1,3280,0
2000/6/2,3280,0
2000/6/3,3280,0
2000/6/5,3280,0
2000/6/7,3280,0
2000/6/8,3280,0
2000/6/9,3280,0
2000/6/12,3280,0
2000/6/13,3280,0
2000/6/14,3280,0
2000/6/15,3280,0
2000/6/16,3280,0
2000/6/17,3280,0
2000/6/19,3280,0
2000/6/20,3280,0
2000/6/21,3280,0
2000/6/22,3280,0
2000/6/23,3280,0
2000/6/26,3280,0
2000/6/27,3280,0
2000/6/28,3280,0
2000/6/29,3280,0
2000/6/30,3280,0
2000/7/3,3280,0
2000/7/4,3280,0
2000/7/5,3280,0
2000/7/6,3280,0
2000/7/7,3280,0
2000/7/10,3280,0
2000/7/11,3280,0
2000/7/12,3280,0
2000/7/13,3280,0
2000/7/14,3280,0
2000/7/15,3280,0
2000/7/17,3280,0
2000/7/18,3280,0
2000/7/19,3280,0
2000/7/20,3280,0
2000/7/21,3280,0
2000/7/24,3280,0
2000/7/25,3280,0
2000/7/26,3280,0
2000/7/27,3280,0
2000/7/28,3280,0
2000/7/29,3280,0
2000/7/31,3280,0
2000/8/1,3280,0
2000/8/2,3280,0
2000/8/3,3280,0
2000/8/4,3280,0
2000/8/5,3280,0
2000/8/7,3280,0
2000/8/8,3280,0
2000/8/9,3280,0
2000/8/10,3280,0
2000/8/11,3280,0
2000/8/14,3280,0
2000/8/15,3280,0
2000/8/16,3280,0
2000/8/17,3280,0
2000/8/18,3280,0
2000/8/19,3280,0
2000/8/21,3280,0
2000/8/22,3280,0
2000/8/24,3280,0
2000/8/25,3280,0
2000/8/28,3280,0
2000/8/29,3280,0
2000/8/30,3280,0
2000/8/31,3280,0
2000/9/1,3280,0
2000/9/2,3280,0
2000/9/4,3280,0
2000/9/5,3280,0
2000/9/6,3280,0
2000/9/7,3280,0
2000/9/8,3280,0
2000/9/11,3280,0
2000/9/13,3280,0
2000/9/14,3280,0
2000/9/15,3280,0
2000/9/16,3280,0
2000/9/18,3280,0
2000/9/19,3280,0
2000/9/20,3280,0
2000/9/21,3280,0
2000/9/22,3280,0
2000/9/25,3280,0
2000/9/26,3280,0
2000/9/27,3280,0
2000/9/28,3280,0
2000/9/29,3280,0
2000/9/30,3280,0
2000/10/2,3280,0
2000/10/3,3280,0
2000/10/4,3280,0
2000/10/5,3280,0
2000/10/6,3280,0
2000/10/7,3280,0
2000/10/9,3280,0
2000/10/11,3280,0
2000/10/12,3280,0
2000/10/13,3280,0
2000/10/16,3280,0
2000/10/17,3280,0
2000/10/18,3280,0
2000/10/19,3280,0
2000/10/20,3280,0
2000/10/21,3280,0
2000/10/23,3280,0
2000/10/24,3280,0
2000/10/25,3280,0
2000/10/26,3280,0
2000/10/27,3280,0
2000/10/30,3280,0
2000/10/31,3280,0
2000/11/1,3280,0
2000/11/2,3280,0
2000/11/3,3280,0
2000/11/4,3280,0
2000/11/6,3280,0
2000/11/7,3280,0
2000/11/8,3280,0
2000/11/9,3280,0
2000/11/10,3280,0
2000/11/13,3280,0
2000/11/14,3280,0
2000/11/15,3280,0
2000/11/16,3280,0
2000/11/17,3280,0
2000/11/18,3280,0
2000/11/20,3280,0
2000/11/21,3280,0
2000/11/22,3280,0
2000/11/23,3280,0
2000/11/24,3280,0
2000/11/27,3280,0
2000/11/28,3280,0
2000/11/29,3280,0
2000/11/30,3280,0
2000/12/1,3280,0
2000/12/2,3280,0
2000/12/4,3280,0
2000/12/5,3280,0
2000/12/6,3280,0
2000/12/7,3280,0
2000/12/8,3280,0
2000/12/11,3280,0
2000/12/12,3280,0
2000/12/13,3280,0
2000/12/14,3280,0
2000/12/15,3280,0
2000/12/16,3280,0
2000/12/18,3280,0
2000/12/19,3280,0
2000/12/20,3280,0
2000/12/21,3280,0
2000/12/22,3280,0
2000/12/26,3280,0
2000/12/27,3280,0
2000/12/28,3280,0
2000/12/29,3280,0
2000/12/30,3280,0
2001/1/2,3280,0
2001/1/3,3280,0
2001/1/4,3280,0
2001/1/5,3280,0
2001/1/8,3280,0
2001/1/9,3280,0
2001/1/10,3280,0
2001/1/11,3280,0
2001/1/12,-1062,0
2001/1/15,-1062,0
2001/1/16,-1062,0
2001/1/17,-1062,0
2001/1/18,-1062,0
2001/1/29,-1062,0
2001/1/30,-1062,0
2001/1/31,-1062,0
2001/2/1,-1062,0
2001/2/2,-1062,0
2001/2/5,-1062,0
2001/2/6,-1062,0
2001/2/7,-1062,0
2001/2/8,-664,0
2001/2/9,-664,0
2001/2/12,-664,0
2001/2/13,-664,0
2001/2/14,-664,0
2001/2/15,-345,0
2001/2/16,-345,0
2001/2/19,-345,0
2001/2/20,-345,0
2001/2/21,-345,0
2001/2/22,-345,0
2001/2/23,-694,0
2001/2/26,-694,0
2001/2/27,-694,0
2001/3/1,-694,0
2001/3/2,-694,0
2001/3/5,-694,0
2001/3/6,-694,0
2001/3/7,-694,0
2001/3/8,-694,0
2001/3/9,-810,0
2001/3/12,-810,0
2001/3/13,-810,0
2001/3/14,-810,0
2001/3/15,-810,0
2001/3/16,-810,0
2001/3/19,-810,0
2001/3/20,-810,0
2001/3/21,-810,0
2001/3/22,-810,0
2001/3/23,-810,0
2001/3/26,-810,0
2001/3/27,-810,0
2001/3/28,-810,0
2001/3/29,-810,0
2001/3/30,-810,0
2001/4/2,-810,0
2001/4/3,-970,0
2001/4/4,-970,0
2001/4/6,-970,0
2001/4/9,-970,0
2001/4/10,-970,0
2001/4/11,-970,0
2001/4/12,-970,0
2001/4/13,-970,0
2001/4/16,-970,0
2001/4/17,-970,0
2001/4/18,-970,0
2001/4/19,-970,0
2001/4/20,-970,0
2001/4/23,-970,0
2001/4/24,-970,0
2001/4/25,-970,0
2001/4/26,-970,0
2001/4/27,-970,0
2001/4/30,-970,0
2001/5/2,-970,0
2001/5/3,-970,0
2001/5/4,-970,0
2001/5/7,-970,0
2001/5/8,-970,0
2001/5/9,-970,0
2001/5/10,-970,0
2001/5/11,-970,0
2001/5/14,-970,0
2001/5/15,-970,0
2001/5/16,-970,0
2001/5/17,-970,0
2001/5/18,-970,0
2001/5/21,-970,0
2001/5/22,-970,0
2001/5/23,-970,0
2001/5/24,-970,0
2001/5/25,-970,0
2001/5/28,-970,0
2001/5/29,-970,0
2001/5/30,-970,0
2001/5/31,-970,0
2001/6/1,-970,0
2001/6/4,-970,0
2001/6/5,-970,0
2001/6/6,-970,0
2001/6/7,-970,0
2001/6/8,-970,0
2001/6/11,-970,0
2001/6/12,-970,0
2001/6/13,-970,0
2001/6/14,-970,0
2001/6/15,-970,0
2001/6/18,-970,0
2001/6/19,-970,0
2001/6/20,-970,0
2001/6/21,-970,0
2001/6/22,-970,0
2001/6/26,-970,0
2001/6/27,-970,0
2001/6/28,-970,0
2001/6/29,-970,0
2001/7/2,-970,0
2001/7/3,-970,0
2001/7/4,-970,0
2001/7/5,-970,0
2001/7/6,-970,0
2001/7/9,-970,0
2001/7/10,-970,0
2001/7/11,-970,0
2001/7/12,-970,0
2001/7/13,-970,0
2001/7/16,-970,0
2001/7/17,-970,0
2001/7/18,-970,0
2001/7/19,-970,0
2001/7/20,-970,0
2001/7/23,-970,0
2001/7/24,-970,0
2001/7/25,-970,0
2001/7/26,-970,0
2001/7/27,-970,0
2001/7/31,-970,0
2001/8/1,-970,0
2001/8/2,-970,0
2001/8/3,-970,0
2001/8/6,-970,0
2001/8/7,-970,0
2001/8/8,-970,0
2001/8/9,-970,0
2001/8/10,-970,0
2001/8/13,-970,0
2001/8/14,-970,0
2001/8/15,-970,0
2001/8/16,-970,0
2001/8/17,-970,0
2001/8/20,-970,0
2001/8/21,-970,0
2001/8/22,-970,0
2001/8/23,-970,0
2001/8/24,-970,0
2001/8/27,-970,0
2001/8/28,-970,0
2001/8/29,-970,0
2001/8/30,-970,0
2001/8/31,-970,0
2001/9/3,-970,0
2001/9/4,-970,0
2001/9/5,-970,0
2001/9/6,-970,0
2001/9/7,-970,0
2001/9/10,-970,0
2001/9/11,-970,0
2001/9/13,-970,0
2001/9/14,-970,0
2001/9/19,-970,0
2001/9/20,-970,0
2001/9/21,-970,0
2001/9/24,-970,0
2001/9/25,-970,0
2001/9/26,-970,0
2001/9/27,-970,0
2001/9/28,-970,0
2001/10/2,-970,0
2001/10/3,-970,0
2001/10/4,-970,0
2001/10/5,-970,0
2001/10/8,-970,0
2001/10/9,-970,0
2001/10/11,-970,0
2001/10/12,-970,0
2001/10/15,-970,0
2001/10/16,-970,0
2001/10/17,-970,0
2001/10/18,-970,0
2001/10/19,-970,0
2001/10/22,-970,0
2001/10/23,-970,0
2001/10/24,-970,0
2001/10/25,-970,0
2001/10/26,-970,0
2001/10/29,-970,0
2001/10/30,-970,0
2001/10/31,-970,0
2001/11/1,-970,0
2001/11/2,-970,0
2001/11/5,-970,0
2001/11/6,-970,0
2001/11/7,-970,0
2001/11/8,-970,0
2001/11/9,-2420,0
2001/11/12,-2420,0
2001/11/13,-2420,0
2001/11/14,-2420,0
2001/11/15,-2420,0
2001/11/16,-2420,0
2001/11/19,-2420,0
2001/11/20,-2420,0
2001/11/21,-2420,0
2001/11/22,-2420,0
2001/11/23,-2420,0
2001/11/26,-2420,0
2001/11/27,-2420,0
2001/11/28,-2420,0
2001/11/29,-2033,0
2001/11/30,-2033,0
2001/12/3,-2033,0
2001/12/4,-2033,0
2001/12/5,-1530,0
2001/12/6,-1530,0
2001/12/7,-1530,0
2001/12/10,-1530,0
2001/12/11,-1530,0
2001/12/12,-1530,0
2001/12/13,-1530,0
2001/12/14,-1530,0
2001/12/17,-1530,0
2001/12/18,-1530,0
2001/12/19,-1530,0
2001/12/20,-1155,0
2001/12/21,-1155,0
2001/12/24,-1155,0
2001/12/25,-1155,0
2001/12/26,-1155,0
2001/12/27,-1155,0
2001/12/28,-1040,0
2001/12/31,-1040,0
2002/1/2,-1040,0
2002/1/3,-1040,0
2002/1/4,-1040,0
2002/1/7,-1040,0
2002/1/8,-1040,0
2002/1/9,-1040,0
2002/1/10,-1040,0
2002/1/11,-1040,0
2002/1/14,-1040,0
2002/1/15,-1040,0
2002/1/16,-980,0
2002/1/17,-980,0
2002/1/18,-980,0
2002/1/21,-980,0
2002/1/22,-980,0
2002/1/23,-665,0
2002/1/24,-665,0
2002/1/25,-665,0
2002/1/28,-665,0
2002/1/29,-665,0
2002/1/30,-665,0
2002/1/31,-665,0
2002/2/1,-665,0
2002/2/4,-602,0
2002/2/5,-602,0
2002/2/6,-602,0
2002/2/18,-484,0
2002/2/19,-484,0
2002/2/20,-484,0
2002/2/21,-784,0
2002/2/22,-784,0
2002/2/25,-784,0
2002/2/26,-784,0
2002/2/27,-784,0
2002/3/1,-784,0
2002/3/4,-784,0
2002/3/5,-476,0
2002/3/6,-476,0
2002/3/7,-476,0
2002/3/8,-476,0
2002/3/11,-476,0
2002/3/12,-476,0
2002/3/13,-476,0
2002/3/14,-476,0
2002/3/15,-476,0
2002/3/18,-492,0
2002/3/19,-492,0
2002/3/20,-492,0
2002/3/21,-492,0
2002/3/22,-492,0
2002/3/25,-270,0
2002/3/26,-270,0
2002/3/27,-270,0
2002/3/28,-270,0
2002/3/29,-270,0
2002/4/1,-270,0
2002/4/2,-270,0
2002/4/3,-270,0
2002/4/4,-270,0
2002/4/8,-270,0
2002/4/9,-270,0
2002/4/10,-415,0
2002/4/11,-415,0
2002/4/12,-415,0
2002/4/15,-415,0
2002/4/16,-415,0
2002/4/17,10,0
2002/4/18,10,0
2002/4/19,10,0
2002/4/22,10,0
2002/4/23,10,0
2002/4/24,10,0
2002/4/25,10,0
2002/4/26,10,0
2002/4/29,-268,0
2002/4/30,-268,0
2002/5/2,-268,0
2002/5/3,-268,0
2002/5/6,-268,0
2002/5/7,-268,0
2002/5/8,-268,0
2002/5/9,-268,0
2002/5/10,-268,0
2002/5/13,-268,0
2002/5/14,-268,0
2002/5/15,-268,0
2002/5/16,-268,0
2002/5/17,-268,0
2002/5/20,-268,0
2002/5/21,-268,0
2002/5/22,-268,0
2002/5/23,-268,0
2002/5/24,-268,0
2002/5/27,-268,0
2002/5/28,-268,0
2002/5/29,-268,0
2002/5/30,-268,0
2002/5/31,-268,0
2002/6/3,-268,0
2002/6/4,-268,0
2002/6/5,-268,0
2002/6/6,-268,0
2002/6/7,-268,0
2002/6/10,-268,0
2002/6/11,-268,0
2002/6/12,-268,0
2002/6/13,-268,0
2002/6/14,-268,0
2002/6/17,-268,0
2002/6/18,-268,0
2002/6/19,-268,0
2002/6/20,-268,0
2002/6/21,-268,0
2002/6/24,-268,0
2002/6/25,-268,0
2002/6/26,-268,0
2002/6/27,-268,0
2002/6/28,-268,0
2002/7/1,-268,0
2002/7/2,-268,0
2002/7/3,-268,0
2002/7/4,-268,0
2002/7/5,-268,0
2002/7/8,-268,0
2002/7/9,-268,0
2002/7/10,-268,0
2002/7/11,-268,0
2002/7/12,-268,0
2002/7/15,-268,0
2002/7/16,-268,0
2002/7/17,-268,0
2002/7/18,-268,0
2002/7/19,-268,0
2002/7/22,-268,0
2002/7/23,-268,0
2002/7/24,-268,0
2002/7/25,-268,0
2002/7/26,-268,0
2002/7/29,-268,0
2002/7/30,-268,0
2002/7/31,-268,0
2002/8/1,-268,0
2002/8/2,-268,0
2002/8/5,-268,0
2002/8/6,-268,0
2002/8/7,-268,0
2002/8/8,-268,0
2002/8/9,-268,0
2002/8/12,-268,0
2002/8/13,-268,0
2002/8/14,-268,0
2002/8/15,-268,0
2002/8/16,-268,0
2002/8/19,-268,0
2002/8/20,-268,0
2002/8/21,-268,0
2002/8/22,-268,0
2002/8/23,-268,0
2002/8/26,-268,0
2002/8/27,-268,0
2002/8/28,-268,0
2002/8/29,-268,0
2002/8/30,-268,0
2002/9/2,-268,0
2002/9/3,-268,0
2002/9/4,-268,0
2002/9/5,-268,0
2002/9/9,-268,0
2002/9/10,-268,0
2002/9/11,-268,0
2002/9/12,-268,0
2002/9/13,-268,0
2002/9/16,-268,0
2002/9/17,-268,0
2002/9/18,-268,0
2002/9/19,-268,0
2002/9/20,-268,0
2002/9/23,-268,0
2002/9/24,-268,0
2002/9/25,-268,0
2002/9/26,-268,0
2002/9/27,-268,0
2002/9/30,-268,0
2002/10/1,-268,0
2002/10/2,-268,0
2002/10/3,-268,0
2002/10/4,-268,0
2002/10/7,-268,0
2002/10/8,-268,0
2002/10/9,-268,0
2002/10/11,-268,0
2002/10/14,-268,0
2002/10/15,-268,0
2002/10/16,-268,0
2002/10/17,-268,0
2002/10/18,-268,0
2002/10/21,-268,0
2002/10/22,-268,0
2002/10/23,-268,0
2002/10/24,-268,0
2002/10/25,-268,0
2002/10/28,-1901,0
2002/10/29,-1901,0
2002/10/30,-1901,0
2002/10/31,-1901,0
2002/11/1,-1901,0
2002/11/4,-1901,0
2002/11/5,-1892,0
2002/11/6,-1720,0
2002/11/7,-1720,0
2002/11/8,-1720,0
2002/11/11,-1720,0
2002/11/12,-1720,0
2002/11/13,-1720,0
2002/11/14,-1720,0
2002/11/15,-1720,0
2002/11/18,-1720,0
2002/11/19,-1720,0
2002/11/20,-1720,0
2002/11/21,-1720,0
2002/11/22,-1720,0
2002/11/25,-1692,0
2002/11/26,-1692,0
2002/11/27,-1692,0
2002/11/28,-1692,0
2002/11/29,-1692,0
2002/12/2,-1692,0
2002/12/3,-1664,0
2002/12/4,-1664,0
2002/12/5,-1664,0
2002/12/6,-1664,0
2002/12/9,-1664,0
2002/12/10,-1664,0
2002/12/11,-1664,0
2002/12/12,-1753,0
2002/12/13,-1753,0
2002/12/16,-1753,0
2002/12/17,-1753,0
2002/12/18,-1753,0
2002/12/19,-1753,0
2002/12/20,-1753,0
2002/12/23,-1753,0
2002/12/24,-1753,0
2002/12/25,-1753,0
2002/12/26,-1753,0
2002/12/27,-1753,0
2002/12/30,-1753,0
2002/12/31,-1753,0
2003/1/2,-1753,0
2003/1/3,-1753,0
2003/1/6,-1753,0
2003/1/7,-1753,0
2003/1/8,-1669,0
2003/1/9,-1669,0
2003/1/10,-1669,0
2003/1/13,-1669,0
2003/1/14,-1669,0
2003/1/15,-1669,0
2003/1/16,-1669,0
2003/1/17,-1669,0
2003/1/20,-1669,0
2003/1/21,-1669,0
2003/1/22,-1669,0
2003/1/23,-1669,0
2003/1/24,-1669,0
2003/1/27,-1669,0
2003/1/28,-1669,0
2003/2/6,-1669,0
2003/2/7,-1741,0
2003/2/10,-1741,0
2003/2/11,-1741,0
2003/2/12,-1741,0
2003/2/13,-1741,0
2003/2/14,-1741,0
2003/2/17,-1741,0
2003/2/18,-1741,0
2003/2/19,-1741,0
2003/2/20,-1741,0
2003/2/21,-1741,0
2003/2/24,-1741,0
2003/2/25,-1741,0
2003/2/26,-1741,0
2003/2/27,-1741,0
2003/3/3,-1741,0
2003/3/4,-1741,0
2003/3/5,-1741,0
2003/3/6,-1741,0
2003/3/7,-1741,0
2003/3/10,-1741,0
2003/3/11,-1741,0
2003/3/12,-1741,0
2003/3/13,-1741,0
2003/3/14,-1741,0
2003/3/17,-1741,0
2003/3/18,-1741,0
2003/3/19,-1741,0
2003/3/20,-1741,0
2003/3/21,-1741,0
2003/3/24,-1741,0
2003/3/25,-1741,0
2003/3/26,-1741,0
2003/3/27,-1741,0
2003/3/28,-1741,0
2003/3/31,-1741,0
2003/4/1,-1741,0
2003/4/2,-1741,0
2003/4/3,-1741,0
2003/4/4,-1741,0
2003/4/7,-1741,0
2003/4/8,-1741,0
2003/4/9,-1741,0
2003/4/10,-1741,0
2003/4/11,-1741,0
2003/4/14,-1741,0
2003/4/15,-1741,0
2003/4/16,-1741,0
2003/4/17,-1741,0
2003/4/18,-1741,0
2003/4/21,-1783,0
2003/4/22,-1783,0
2003/4/23,-1783,0
2003/4/24,-1783,0
2003/4/25,-2229,0
2003/4/28,-2229,0
2003/4/29,-2229,0
2003/4/30,-2229,0
2003/5/2,-2229,0
2003/5/5,-2229,0
2003/5/6,-2229,0
2003/5/7,-2229,0
2003/5/8,-2229,0
2003/5/9,-2229,0
2003/5/12,-2229,0
2003/5/13,-2229,0
2003/5/14,-2229,0
2003/5/15,-2229,0
2003/5/16,-2229,0
2003/5/19,-2229,0
2003/5/20,-2229,0
2003/5/21,-2229,0
2003/5/22,-2229,0
2003/5/23,-2229,0
2003/5/26,-2229,0
2003/5/27,-2229,0
2003/5/28,-1955,0
2003/5/29,-1955,0
2003/5/30,-1955,0
2003/6/2,-1955,0
2003/6/3,-1955,0
2003/6/5,-1955,0
2003/6/6,-1955,0
2003/6/9,-1955,0
2003/6/10,-1955,0
2003/6/11,-1955,0
2003/6/12,-1955,0
2003/6/13,-1955,0
2003/6/16,-1955,0
2003/6/17,-1955,0
2003/6/18,-1955,0
2003/6/19,-1955,0
2003/6/20,-1955,0
2003/6/23,-1955,0
2003/6/24,-1955,0
2003/6/25,-1955,0
2003/6/26,-1555,0
2003/6/27,-1555,0
2003/6/30,-1555,0
2003/7/1,-1555,0
2003/7/2,-1555,0
2003/7/3,-1318,0
2003/7/4,-1318,0
2003/7/7,-1318,0
2003/7/8,-1318,0
2003/7/9,-1318,0
2003/7/10,-1318,0
2003/7/11,-1318,0
2003/7/14,-1318,0
2003/7/15,-1318,0
2003/7/16,-1318,0
2003/7/17,-1318,0
2003/7/18,-1318,0
2003/7/21,-1201,0
2003/7/22,-1201,0
2003/7/23,-1201,0
2003/7/24,-1201,0
2003/7/25,-1201,0
2003/7/28,-965,0
2003/7/29,-965,0
2003/7/30,-965,0
2003/7/31,-965,0
2003/8/1,-965,0
2003/8/4,-1070,0
2003/8/5,-1070,0
2003/8/6,-1070,0
2003/8/7,-1070,0
2003/8/8,-1070,0
2003/8/11,-1070,0
2003/8/12,-1070,0
2003/8/13,-1070,0
2003/8/14,-974,0
2003/8/15,-974,0
2003/8/18,-974,0
2003/8/19,-974,0
2003/8/20,-974,0
2003/8/21,-974,0
2003/8/22,-974,0
2003/8/25,-974,0
2003/8/26,-974,0
2003/8/27,-974,0
2003/8/28,-974,0
2003/8/29,-974,0
2003/9/1,-974,0
2003/9/2,-974,0
2003/9/3,-974,0
2003/9/4,-974,0
2003/9/5,-974,0
2003/9/8,-974,0
2003/9/9,-974,0
2003/9/10,-974,0
2003/9/12,-774,0
2003/9/15,-774,0
2003/9/16,-774,0
2003/9/17,-774,0
2003/9/18,-681,0
2003/9/19,-681,0
2003/9/22,-681,0
2003/9/23,-681,0
2003/9/24,-681,0
2003/9/25,-681,0
2003/9/26,-753,0
2003/9/29,-753,0
2003/9/30,-753,0
2003/10/1,-753,0
2003/10/2,-753,0
2003/10/3,-753,0
2003/10/6,-611,0
2003/10/7,-611,0
2003/10/8,-611,0
2003/10/9,-611,0
2003/10/13,-611,0
2003/10/14,-611,0
2003/10/15,-611,0
2003/10/16,-611,0
2003/10/17,-611,0
2003/10/20,-611,0
2003/10/21,-611,0
2003/10/22,-611,0
2003/10/23,-611,0
2003/10/24,-611,0
2003/10/27,-440,0
2003/10/28,-440,0
2003/10/29,-440,0
2003/10/30,-306,0
2003/10/31,-306,0
2003/11/3,-306,0
2003/11/4,-306,0
2003/11/5,-306,0
2003/11/6,-306,0
2003/11/7,-306,0
2003/11/10,-391,0
2003/11/11,-391,0
2003/11/12,-391,0
2003/11/13,-391,0
2003/11/14,-391,0
2003/11/17,-391,0
2003/11/18,-391,0
2003/11/19,-391,0
2003/11/20,-391,0
2003/11/21,-391,0
2003/11/24,-391,0
2003/11/25,-391,0
2003/11/26,-391,0
2003/11/27,-391,0
2003/11/28,-391,0
2003/12/1,-391,0
2003/12/2,-391,0
2003/12/3,-391,0
2003/12/4,-391,0
2003/12/5,-536,0
2003/12/8,-593,0
2003/12/9,-593,0
2003/12/10,-593,0
2003/12/11,-593,0
2003/12/12,-593,0
2003/12/15,-593,0
2003/12/16,-593,0
2003/12/17,-593,0
2003/12/18,-593,0
2003/12/19,-593,0
2003/12/22,-593,0
2003/12/23,-593,0
2003/12/24,-593,0
2003/12/25,-593,0
2003/12/26,-593,0
2003/12/29,-593,0
2003/12/30,-593,0
2003/12/31,-593,0
2004/1/2,-593,0
2004/1/5,-296,0
2004/1/6,-296,0
2004/1/7,-296,0
2004/1/8,-296,0
2004/1/9,-296,0
2004/1/12,-296,0
2004/1/13,-296,0
2004/1/14,-296,0
2004/1/15,-296,0
2004/1/16,-296,0
2004/1/27,-296,0
2004/1/28,-296,0
2004/1/29,-296,0
2004/1/30,-296,0
2004/2/2,-296,0
2004/2/3,-296,0
2004/2/4,-205,0
2004/2/5,-205,0
2004/2/6,-205,0
2004/2/9,-205,0
2004/2/10,35,0
2004/2/11,35,0
2004/2/12,35,0
2004/2/13,35,0
2004/2/16,35,0
2004/2/17,35,0
2004/2/18,35,0
2004/2/19,35,0
2004/2/20,35,0
2004/2/23,35,0
2004/2/24,35,0
2004/2/25,35,0
2004/2/26,35,0
2004/2/27,35,0
2004/3/1,35,0
2004/3/2,35,0
2004/3/3,35,0
2004/3/4,35,0
2004/3/5,35,0
2004/3/8,35,0
2004/3/9,35,0
2004/3/10,35,0
2004/3/11,482,0
2004/3/12,482,0
2004/3/15,482,0
2004/3/16,482,0
2004/3/17,482,0
2004/3/18,482,0
2004/3/19,482,0
2004/3/22,482,0
2004/3/23,482,0
2004/3/24,482,0
2004/3/25,482,0
2004/3/26,482,0
2004/3/29,482,0
2004/3/30,482,0
2004/3/31,482,0
2004/4/1,482,0
2004/4/2,482,0
2004/4/5,482,0
2004/4/6,220,0
2004/4/7,220,0
2004/4/8,220,0
2004/4/9,220,0
2004/4/12,220,0
2004/4/13,220,0
2004/4/14,220,0
2004/4/15,220,0
2004/4/16,220,0
2004/4/19,220,0
2004/4/20,220,0
2004/4/21,220,0
2004/4/22,220,0
2004/4/23,310,0
2004/4/26,310,0
2004/4/27,310,0
2004/4/28,310,0
2004/4/29,310,0
2004/4/30,310,0
2004/5/3,310,0
2004/5/4,310,0
2004/5/5,310,0
2004/5/6,310,0
2004/5/7,310,0
2004/5/10,310,0
2004/5/11,310,0
2004/5/12,310,0
2004/5/13,310,0
2004/5/14,310,0
2004/5/17,310,0
2004/5/18,310,0
2004/5/19,310,0
2004/5/20,310,0
2004/5/21,310,0
2004/5/24,310,0
2004/5/25,310,0
2004/5/26,310,0
2004/5/27,310,0
2004/5/28,310,0
2004/5/31,310,0
2004/6/1,310,0
2004/6/2,310,0
2004/6/3,310,0
2004/6/4,310,0
2004/6/7,310,0
2004/6/8,310,0
2004/6/9,310,0
2004/6/10,310,0
2004/6/11,310,0
2004/6/14,310,0
2004/6/15,310,0
2004/6/16,310,0
2004/6/17,310,0
2004/6/18,310,0
2004/6/21,310,0
2004/6/23,310,0
2004/6/24,310,0
2004/6/25,310,0
2004/6/28,310,0
2004/6/29,310,0
2004/6/30,310,0
2004/7/1,310,0
2004/7/2,310,0
2004/7/5,310,0
2004/7/6,310,0
2004/7/7,310,0
2004/7/8,310,0
2004/7/9,310,0
2004/7/12,310,0
2004/7/13,310,0
2004/7/14,310,0
2004/7/15,310,0
2004/7/16,310,0
2004/7/19,310,0
2004/7/20,310,0
2004/7/21,310,0
2004/7/22,310,0
2004/7/23,310,0
2004/7/26,310,0
2004/7/27,310,0
2004/7/28,310,0
2004/7/29,310,0
2004/7/30,310,0
2004/8/2,310,0
2004/8/3,310,0
2004/8/4,310,0
2004/8/5,310,0
2004/8/6,310,0
2004/8/9,310,0
2004/8/10,310,0
2004/8/11,310,0
2004/8/12,310,0
2004/8/13,310,0
2004/8/16,310,0
2004/8/17,310,0
2004/8/18,310,0
2004/8/19,310,0
2004/8/20,310,0
2004/8/23,310,0
2004/8/26,-657,0
2004/8/27,-657,0
2004/8/30,-657,0
2004/8/31,-657,0
2004/9/1,-657,0
2004/9/2,-657,0
2004/9/3,-657,0
2004/9/6,-657,0
2004/9/7,-657,0
2004/9/8,-657,0
2004/9/9,-597,0
2004/9/10,-599,0
2004/9/13,-599,0
2004/9/14,-599,0
2004/9/15,-599,0
2004/9/16,-599,0
2004/9/17,-599,0
2004/9/20,-599,0
2004/9/21,-495,0
2004/9/22,-495,0
2004/9/23,-495,0
2004/9/24,-552,0
2004/9/27,-552,0
2004/9/29,-552,0
2004/9/30,-552,0
2004/10/1,-552,0
2004/10/4,-552,0
2004/10/5,-552,0
2004/10/6,-552,0
2004/10/7,-552,0
2004/10/8,-552,0
2004/10/11,-552,0
2004/10/12,-552,0
2004/10/13,-552,0
2004/10/14,-590,0
2004/10/15,-590,0
2004/10/18,-590,0
2004/10/19,-590,0
2004/10/20,-590,0
2004/10/21,-590,0
2004/10/22,-590,0
2004/10/26,-590,0
2004/10/27,-590,0
2004/10/28,-590,0
2004/10/29,-590,0
2004/11/1,-590,0
2004/11/2,-590,0
2004/11/3,-590,0
2004/11/4,-590,0
2004/11/5,-520,0
2004/11/8,-520,0
2004/11/9,-520,0
2004/11/10,-520,0
2004/11/11,-520,0
2004/11/12,-520,0
2004/11/15,-520,0
2004/11/16,-520,0
2004/11/17,-520,0
2004/11/18,-520,0
2004/11/19,-520,0
2004/11/22,-520,0
2004/11/23,-520,0
2004/11/24,-535,0
2004/11/25,-535,0
2004/11/26,-535,0
2004/11/29,-535,0
2004/11/30,-535,0
2004/12/1,-535,0
2004/12/2,-535,0
2004/12/3,-535,0
2004/12/6,-535,0
2004/12/7,-535,0
2004/12/8,-535,0
2004/12/9,-535,0
2004/12/10,-535,0
2004/12/13,-535,0
2004/12/14,-535,0
2004/12/15,-423,0
2004/12/16,-423,0
2004/12/17,-423,0
2004/12/20,-423,0
2004/12/21,-423,0
2004/12/22,-423,0
2004/12/23,-423,0
2004/12/24,-423,0
2004/12/27,-423,0
2004/12/28,-423,0
2004/12/29,-423,0
2004/12/30,-423,0
2004/12/31,-423,0
2005/1/3,-423,0
2005/1/4,-423,0
2005/1/5,-423,0
2005/1/6,-423,0
2005/1/7,-475,0
2005/1/10,-475,0
2005/1/11,-475,0
2005/1/12,-475,0
2005/1/13,-475,0
2005/1/14,-475,0
2005/1/17,-475,0
2005/1/18,-475,0
2005/1/19,-475,0
2005/1/20,-475,0
2005/1/21,-475,0
2005/1/24,-475,0
2005/1/25,-475,0
2005/1/26,-475,0
2005/1/27,-475,0
2005/1/28,-475,0
2005/1/31,-475,0
2005/2/1,-475,0
2005/2/2,-475,0
2005/2/3,-395,0
2005/2/14,-395,0
2005/2/15,-395,0
2005/2/16,-395,0
2005/2/17,-395,0
2005/2/18,-395,0
2005/2/21,-395,0
2005/2/22,-395,0
2005/2/23,-395,0
2005/2/24,-395,0
2005/2/25,-395,0
2005/3/1,-395,0
2005/3/2,-395,0
2005/3/3,-395,0
2005/3/4,-395,0
2005/3/7,-395,0
2005/3/8,-395,0
2005/3/9,-395,0
2005/3/10,-273,0
2005/3/11,-273,0
2005/3/14,-273,0
2005/3/15,-273,0
2005/3/16,-273,0
2005/3/17,-273,0
2005/3/18,-273,0
2005/3/21,-273,0
2005/3/22,-273,0
2005/3/23,-273,0
2005/3/24,-273,0
2005/3/25,-273,0
2005/3/28,-273,0
2005/3/29,-273,0
2005/3/30,-273,0
2005/3/31,-273,0
2005/4/1,-273,0
2005/4/4,-273,0
2005/4/6,-273,0
2005/4/7,-273,0
2005/4/8,-273,0
2005/4/11,-273,0
2005/4/12,-273,0
2005/4/13,-273,0
2005/4/14,-273,0
2005/4/15,-273,0
2005/4/18,-273,0
2005/4/19,-273,0
2005/4/20,-273,0
2005/4/21,-273,0
2005/4/22,-273,0
2005/4/25,-273,0
2005/4/26,-273,0
2005/4/27,-273,0
2005/4/28,-273,0
2005/4/29,-273,0
2005/5/3,-273,0
2005/5/4,-273,0
2005/5/5,-273,0
2005/5/6,-273,0
2005/5/9,-273,0
2005/5/10,-273,0
2005/5/11,-273,0
2005/5/12,-273,0
2005/5/13,-273,0
2005/5/16,-273,0
2005/5/17,-273,0
2005/5/18,-273,0
2005/5/19,-273,0
2005/5/20,-273,0
2005/5/23,-273,0
2005/5/24,-273,0
2005/5/25,-273,0
2005/5/26,-273,0
2005/5/27,-273,0
2005/5/30,-273,0
2005/5/31,-273,0
2005/6/1,-273,0
2005/6/2,-467,0
2005/6/3,-467,0
2005/6/6,-467,0
2005/6/7,-467,0
2005/6/8,-467,0
2005/6/9,-467,0
2005/6/10,-467,0
2005/6/13,-467,0
2005/6/14,-467,0
2005/6/15,-467,0
2005/6/16,-467,0
2005/6/17,-467,0
2005/6/20,-467,0
2005/6/21,-467,0
2005/6/22,-467,0
2005/6/23,-467,0
2005/6/24,-467,0
2005/6/27,-467,0
2005/6/28,-467,0
2005/6/29,-467,0
2005/6/30,-241,0
2005/7/1,-241,0
2005/7/4,-241,0
2005/7/5,-241,0
2005/7/6,-241,0
2005/7/7,-241,0
2005/7/8,-241,0
2005/7/11,-241,0
2005/7/12,-100,0
2005/7/13,-100,0
2005/7/14,-100,0
2005/7/15,-100,0
2005/7/19,-100,0
2005/7/20,-100,0
2005/7/21,-100,0
2005/7/22,-100,0
2005/7/25,-100,0
2005/7/26,-110,0
2005/7/27,-110,0
2005/7/28,-110,0
2005/7/29,-110,0
2005/8/1,-110,0
2005/8/2,-110,0
2005/8/3,-110,0
2005/8/4,5,0
2005/8/8,5,0
2005/8/9,5,0
2005/8/10,5,0
2005/8/11,5,0
2005/8/12,5,0
2005/8/15,-200,0
2005/8/16,-200,0
2005/8/17,-200,0
2005/8/18,-200,0
2005/8/19,-200,0
2005/8/22,-200,0
2005/8/23,-200,0
2005/8/24,-200,0
2005/8/25,-200,0
2005/8/26,-200,0
2005/8/29,-200,0
2005/8/30,-200,0
2005/8/31,-200,0
2005/9/2,-200,0
2005/9/5,-200,0
2005/9/6,-200,0
2005/9/7,-200,0
2005/9/8,-200,0
2005/9/9,-200,0
2005/9/12,-200,0
2005/9/13,-200,0
2005/9/14,-200,0
2005/9/15,-200,0
2005/9/16,-200,0
2005/9/19,-200,0
2005/9/20,-200,0
2005/9/21,-200,0
2005/9/22,-200,0
2005/9/23,-200,0
2005/9/26,-200,0
2005/9/27,-200,0
2005/9/28,-200,0
2005/9/29,-200,0
2005/9/30,-200,0
2005/10/3,-200,0
2005/10/4,-200,0
2005/10/5,-200,0
2005/10/6,-200,0
2005/10/7,-200,0
2005/10/11,-200,0
2005/10/12,-200,0
2005/10/13,-200,0
2005/10/14,-200,0
2005/10/17,-200,0
2005/10/18,-200,0
2005/10/19,-200,0
2005/10/20,-200,0
2005/10/21,-200,0
2005/10/24,-200,0
2005/10/25,-200,0
2005/10/26,-200,0
2005/10/27,-200,0
2005/10/28,-200,0
2005/10/31,-200,0
2005/11/1,-200,0
2005/11/2,-200,0
2005/11/3,-200,0
2005/11/4,-200,0
2005/11/7,-200,0
2005/11/8,-200,0
2005/11/9,-200,0
2005/11/10,-200,0
2005/11/11,-200,0
2005/11/14,-350,0
2005/11/15,-350,0
2005/11/16,-350,0
2005/11/17,-350,0
2005/11/18,-350,0
2005/11/21,-350,0
2005/11/22,-350,0
2005/11/23,-350,0
2005/11/24,-350,0
2005/11/25,-350,0
2005/11/28,-350,0
2005/11/29,-350,0
2005/11/30,-350,0
2005/12/1,-350,0
2005/12/2,-350,0
2005/12/5,-350,0
2005/12/6,-350,0
2005/12/7,-350,0
2005/12/8,-350,0
2005/12/9,-350,0
2005/12/12,-350,0
2005/12/13,-350,0
2005/12/14,-225,0
2005/12/15,-225,0
2005/12/16,-225,0
2005/12/19,10,0
2005/12/20,10,0
2005/12/21,10,0
2005/12/22,10,0
2005/12/23,10,0
2005/12/26,10,0
2005/12/27,10,0
2005/12/28,10,0
2005/12/29,10,0
2005/12/30,10,0
2006/1/2,10,0
2006/1/3,10,0
2006/1/4,10,0
2006/1/5,10,0
2006/1/6,10,0
2006/1/9,10,0
2006/1/10,10,0
2006/1/11,10,0
2006/1/12,10,0
2006/1/13,10,0
2006/1/16,10,0
2006/1/17,10,0
2006/1/18,50,0
2006/1/19,50,0
2006/1/20,50,0
2006/1/23,50,0
2006/1/24,50,0
2006/1/25,50,0
2006/2/3,50,0
2006/2/6,50,0
2006/2/7,265,0
2006/2/8,265,0
2006/2/9,265,0
2006/2/10,265,0
2006/2/13,265,0
2006/2/14,170,0
2006/2/15,170,0
2006/2/16,170,0
2006/2/17,170,0
2006/2/20,237,0
2006/2/21,237,0
2006/2/22,237,0
2006/2/23,237,0
2006/2/24,87,0
2006/2/27,87,0
2006/3/1,87,0
2006/3/2,87,0
2006/3/3,87,0
2006/3/6,87,0
2006/3/7,35,0
2006/3/8,15,0
2006/3/9,15,0
2006/3/10,15,0
2006/3/13,15,0
2006/3/14,15,0
2006/3/15,15,0
2006/3/16,15,0
2006/3/17,15,0
2006/3/20,15,0
2006/3/21,15,0
2006/3/22,15,0
2006/3/23,15,0
2006/3/24,15,0
2006/3/27,15,0
2006/3/28,15,0
2006/3/29,15,0
2006/3/30,15,0
2006/3/31,15,0
2006/4/3,15,0
2006/4/4,15,0
2006/4/6,287,0
2006/4/7,287,0
2006/4/10,287,0
2006/4/11,287,0
2006/4/12,287,0
2006/4/13,287,0
2006/4/14,287,0
2006/4/17,287,0
2006/4/18,287,0
2006/4/19,287,0
2006/4/20,287,0
2006/4/21,287,0
2006/4/24,287,0
2006/4/25,287,0
2006/4/26,287,0
2006/4/27,287,0
2006/4/28,287,0
2006/5/2,287,0
2006/5/3,287,0
2006/5/4,287,0
2006/5/5,287,0
2006/5/8,287,0
2006/5/9,287,0
2006/5/10,287,0
2006/5/11,287,0
2006/5/12,287,0
2006/5/15,713,0
2006/5/16,713,0
2006/5/17,713,0
2006/5/18,713,0
2006/5/19,713,0
2006/5/22,713,0
2006/5/23,713,0
2006/5/24,713,0
2006/5/25,713,0
2006/5/26,713,0
2006/5/29,713,0
2006/5/30,713,0
2006/6/1,713,0
2006/6/2,713,0
2006/6/5,713,0
2006/6/6,713,0
2006/6/7,713,0
2006/6/8,713,0
2006/6/9,713,0
2006/6/12,713,0
2006/6/13,713,0
2006/6/14,713,0
2006/6/15,713,0
2006/6/16,713,0
2006/6/19,713,0
2006/6/20,713,0
2006/6/21,713,0
2006/6/22,713,0
2006/6/23,713,0
2006/6/26,713,0
2006/6/27,713,0
2006/6/28,713,0
2006/6/29,713,0
2006/6/30,713,0
2006/7/3,713,0
2006/7/4,713,0
2006/7/5,713,0
2006/7/6,713,0
2006/7/7,713,0
2006/7/10,713,0
2006/7/11,713,0
2006/7/12,713,0
2006/7/13,713,0
2006/7/14,713,0
2006/7/17,713,0
2006/7/18,713,0
2006/7/19,713,0
2006/7/20,713,0
2006/7/21,713,0
2006/7/24,713,0
2006/7/25,713,0
2006/7/26,713,0
2006/7/27,713,0
2006/7/28,713,0
2006/7/31,713,0
2006/8/1,713,0
2006/8/2,713,0
2006/8/3,713,0
2006/8/4,713,0
2006/8/7,713,0
2006/8/8,713,0
2006/8/9,713,0
2006/8/10,713,0
2006/8/11,713,0
2006/8/14,155,0
2006/8/15,155,0
2006/8/16,155,0
2006/8/17,155,0
2006/8/18,155,0
2006/8/21,155,0
2006/8/22,155,0
2006/8/23,75,0
2006/8/24,75,0
2006/8/25,75,0
2006/8/28,75,0
2006/8/29,75,0
2006/8/30,75,0
2006/8/31,75,0
2006/9/1,206,0
2006/9/4,206,0
2006/9/5,206,0
2006/9/6,206,0
2006/9/7,206,0
2006/9/8,206,0
2006/9/11,206,0
2006/9/12,148,0
2006/9/13,148,0
2006/9/14,148,0
2006/9/15,148,0
2006/9/18,455,0
2006/9/19,455,0
2006/9/20,455,0
2006/9/21,455,0
2006/9/22,455,0
2006/9/25,455,0
2006/9/26,455,0
2006/9/27,455,0
2006/9/28,455,0
2006/9/29,455,0
2006/10/2,455,0
2006/10/3,455,0
2006/10/4,427,0
2006/10/5,572,0
2006/10/11,572,0
2006/10/12,572,0
2006/10/13,572,0
2006/10/14,572,0
2006/10/16,572,0
2006/10/17,572,0
2006/10/18,572,0
2006/10/19,572,0
2006/10/20,572,0
2006/10/23,609,0
2006/10/24,609,0
2006/10/25,609,0
2006/10/26,609,0
2006/10/27,653,0
2006/10/30,653,0
2006/10/31,653,0
2006/11/1,563,0
2006/11/2,563,0
2006/11/3,563,0
2006/11/6,675,0
2006/11/7,675,0
2006/11/8,675,0
2006/11/9,675,0
2006/11/10,675,0
2006/11/13,675,0
2006/11/14,675,0
2006/11/15,675,0
2006/11/16,675,0
2006/11/17,675,0
2006/11/20,675,0
2006/11/21,675,0
2006/11/22,675,0
2006/11/23,675,0
2006/11/24,675,0
2006/11/27,675,0
2006/11/28,675,0
2006/11/29,675,0
2006/11/30,675,0
2006/12/1,675,0
2006/12/4,675,0
2006/12/5,675,0
2006/12/6,675,0
2006/12/7,675,0
2006/12/8,675,0
2006/12/11,675,0
2006/12/12,675,0
2006/12/13,1010,0
2006/12/14,1010,0
2006/12/15,1010,0
2006/12/18,1010,0
2006/12/19,1010,0
2006/12/20,1222,0
2006/12/21,1222,0
2006/12/22,1222,0
2006/12/25,1222,0
2006/12/26,1222,0
2006/12/27,1222,0
2006/12/28,1222,0
2006/12/29,1222,0
2007/1/2,1222,0
2007/1/3,1222,0
2007/1/4,1222,0
2007/1/5,1222,0
2007/1/8,1222,0
2007/1/9,1222,0
2007/1/10,1253,0
2007/1/11,1253,0
2007/1/12,1253,0
2007/1/15,1253,0
2007/1/16,1253,0
2007/1/17,1253,0
2007/1/18,1482,0
2007/1/19,1482,0
2007/1/22,1482,0
2007/1/23,1482,0
2007/1/24,1482,0
2007/1/25,1482,0
2007/1/26,1482,0
2007/1/29,1482,0
2007/1/30,1329,0
2007/1/31,1329,0
2007/2/1,1329,0
2007/2/2,1329,0
2007/2/5,1329,0
2007/2/6,1329,0
2007/2/7,1329,0
2007/2/8,1430,0
2007/2/9,1430,0
2007/2/12,1430,0
2007/2/13,1430,0
2007/2/14,1430,0
2007/2/26,1459,0
2007/2/27,1459,0
2007/3/1,1459,0
2007/3/2,1459,0
2007/3/3,1459,0
2007/3/5,1459,0
2007/3/6,1459,0
2007/3/7,1459,0
2007/3/8,1459,0
2007/3/9,1459,0
2007/3/12,1459,0
2007/3/13,1459,0
2007/3/14,1459,0
2007/3/15,1459,0
2007/3/16,1459,0
2007/3/19,1459,0
2007/3/20,1459,0
2007/3/21,1459,0
2007/3/22,1459,0
2007/3/23,1415,0
2007/3/26,1415,0
2007/3/27,1415,0
2007/3/28,1415,0
2007/3/29,1415,0
2007/3/30,1415,0
2007/4/2,1415,0
2007/4/3,1415,0
2007/4/4,1415,0
2007/4/9,1415,0
2007/4/10,1415,0
2007/4/11,1415,0
2007/4/12,1415,0
2007/4/13,1415,0
2007/4/14,1415,0
2007/4/16,1415,0
2007/4/17,1415,0
2007/4/18,1570,0
2007/4/19,1570,0
2007/4/20,1570,0
2007/4/23,1570,0
2007/4/24,1570,0
2007/4/25,1570,0
2007/4/26,1570,0
2007/4/27,1506,0
2007/4/30,1506,0
2007/5/2,1456,0
2007/5/3,1456,0
2007/5/4,1456,0
2007/5/7,1456,0
2007/5/8,1632,0
2007/5/9,1632,0
2007/5/10,1632,0
2007/5/11,1632,0
2007/5/14,1632,0
2007/5/15,1632,0
2007/5/16,1551,0
2007/5/17,1551,0
2007/5/18,1551,0
2007/5/21,1551,0
2007/5/22,1736,0
2007/5/23,1736,0
2007/5/24,1736,0
2007/5/25,1736,0
2007/5/28,1736,0
2007/5/29,1736,0
2007/5/30,1736,0
2007/5/31,1736,0
2007/6/1,1736,0
2007/6/4,1736,0
2007/6/5,1736,0
2007/6/6,1736,0
2007/6/7,1736,0
2007/6/8,1736,0
2007/6/11,1736,0
2007/6/12,1736,0
2007/6/13,1736,0
2007/6/14,1736,0
2007/6/15,1736,0
2007/6/20,1736,0
2007/6/21,1736,0
2007/6/22,1736,0
2007/6/23,1736,0
2007/6/25,1736,0
2007/6/26,1736,0
2007/6/27,1736,0
2007/6/28,1736,0
2007/6/29,1736,0
2007/7/2,1736,0
2007/7/3,1736,0
2007/7/4,1736,0
2007/7/5,1736,0
2007/7/6,1736,0
2007/7/9,1736,0
2007/7/10,1736,0
2007/7/11,1736,0
2007/7/12,1736,0
2007/7/13,1736,0
2007/7/16,1736,0
2007/7/17,1736,0
2007/7/18,1736,0
2007/7/19,1736,0
2007/7/20,1736,0
2007/7/23,1736,0
2007/7/24,1736,0
2007/7/25,1736,0
2007/7/26,1736,0
2007/7/27,1736,0
2007/7/30,2550,0
2007/7/31,2550,0
2007/8/1,2550,0
2007/8/2,2550,0
2007/8/3,2550,0
2007/8/6,2550,0
2007/8/7,2550,0
2007/8/8,2550,0
2007/8/9,2696,0
2007/8/10,2360,0
2007/8/13,2485,0
2007/8/14,2485,0
2007/8/15,2130,0
2007/8/16,2130,0
2007/8/17,2130,0
2007/8/20,2130,0
2007/8/21,2130,0
2007/8/22,2130,0
2007/8/23,2130,0
2007/8/24,2130,0
2007/8/27,2130,0
2007/8/28,2130,0
2007/8/29,2130,0
2007/8/30,2130,0
2007/8/31,2130,0
2007/9/3,2130,0
2007/9/4,2130,0
2007/9/5,2130,0
2007/9/6,2130,0
2007/9/7,2130,0
2007/9/10,2130,0
2007/9/11,2130,0
2007/9/12,2496,0
2007/9/13,2481,0
2007/9/14,2481,0
2007/9/17,2481,0
2007/9/19,2481,0
2007/9/20,2481,0
2007/9/21,2692,0
2007/9/26,2692,0
2007/9/27,2692,0
2007/9/28,2692,0
2007/9/29,2692,0
2007/10/1,2692,0
2007/10/2,2692,0
2007/10/3,2692,0
2007/10/4,2692,0
2007/10/5,2692,0
2007/10/8,2692,0
2007/10/9,2692,0
2007/10/11,2692,0
2007/10/12,2692,0
2007/10/15,3063,0
2007/10/16,3063,0
2007/10/17,3063,0
2007/10/18,3063,0
2007/10/19,3063,0
2007/10/22,3063,0
2007/10/23,3063,0
2007/10/24,3063,0
2007/10/25,3063,0
2007/10/26,3063,0
2007/10/29,3422,0
2007/10/30,3422,0
2007/10/31,3422,0
2007/11/1,3422,0
2007/11/2,3422,0
2007/11/5,2835,0
2007/11/6,2835,0
2007/11/7,2835,0
2007/11/8,2835,0
2007/11/9,2835,0
2007/11/12,2835,0
2007/11/13,2835,0
2007/11/14,2835,0
2007/11/15,2835,0
2007/11/16,2835,0
2007/11/19,2835,0
2007/11/20,2835,0
2007/11/21,2835,0
2007/11/22,2835,0
2007/11/23,2835,0
2007/11/26,2835,0
2007/11/27,2835,0
2007/11/28,2835,0
2007/11/29,2835,0
2007/11/30,2835,0
2007/12/3,2835,0
2007/12/4,2835,0
2007/12/5,2835,0
2007/12/6,2835,0
2007/12/7,2835,0
2007/12/10,2835,0
2007/12/11,2835,0
2007/12/12,2835,0
2007/12/13,2835,0
2007/12/14,2835,0
2007/12/17,2835,0
2007/12/18,2835,0
2007/12/19,2835,0
2007/12/20,2835,0
2007/12/21,2835,0
2007/12/24,2835,0
2007/12/25,2835,0
2007/12/26,2835,0
2007/12/27,2835,0
2007/12/28,2835,0
2007/12/31,2835,0
2008/1/2,2835,0
2008/1/3,2835,0
2008/1/4,2835,0
2008/1/7,2835,0
2008/1/8,2835,0
2008/1/9,2835,0
2008/1/10,2835,0
2008/1/11,2835,0
2008/1/14,2835,0
2008/1/15,2835,0
2008/1/16,2835,0
2008/1/17,2835,0
2008/1/18,2835,0
2008/1/21,2835,0
2008/1/22,2835,0
2008/1/23,2835,0
2008/1/24,2835,0
2008/1/25,2835,0
2008/1/28,2835,0
2008/1/29,2835,0
2008/1/30,2835,0
2008/1/31,2835,0
2008/2/1,2835,0
2008/2/12,2835,0
2008/2/13,2835,0
2008/2/14,2835,0
2008/2/15,2835,0
2008/2/18,2835,0
2008/2/19,2835,0
2008/2/20,2835,0
2008/2/21,2835,0
2008/2/22,2835,0
2008/2/25,2835,0
2008/2/26,1840,0
2008/2/27,1840,0
2008/2/29,1840,0
2008/3/3,1840,0
2008/3/4,1840,0
2008/3/5,1840,0
2008/3/6,1840,0
2008/3/7,1840,0
2008/3/10,1840,0
2008/3/11,1840,0
2008/3/12,1840,0
2008/3/13,1750,0
2008/3/14,1750,0
2008/3/17,1750,0
2008/3/18,1750,0
2008/3/19,1750,0
2008/3/20,1750,0
2008/3/21,1750,0
2008/3/24,2449,0
2008/3/25,2449,0
2008/3/26,2449,0
2008/3/27,2449,0
2008/3/28,2449,0
2008/3/31,2449,0
2008/4/1,1891,0
2008/4/2,1891,0
2008/4/3,1891,0
2008/4/7,1891,0
2008/4/8,1891,0
2008/4/9,2236,0
2008/4/10,2236,0
2008/4/11,2236,0
2008/4/14,2236,0
2008/4/15,2236,0
2008/4/16,2236,0
2008/4/17,2236,0
2008/4/18,2236,0
2008/4/21,2236,0
2008/4/22,2236,0
2008/4/23,2236,0
2008/4/24,2236,0
2008/4/25,2236,0
2008/4/28,2650,0
2008/4/29,2650,0
2008/4/30,2650,0
2008/5/2,2650,0
2008/5/5,2650,0
2008/5/6,2650,0
2008/5/7,2650,0
2008/5/8,2650,0
2008/5/9,2650,0
2008/5/12,2650,0
2008/5/13,2650,0
2008/5/14,2619,0
2008/5/15,2619,0
2008/5/16,2619,0
2008/5/19,2619,0
2008/5/20,2619,0
2008/5/21,2619,0
2008/5/22,2619,0
2008/5/23,2344,0
2008/5/26,2344,0
2008/5/27,2344,0
2008/5/28,2344,0
2008/5/29,2344,0
2008/5/30,2344,0
2008/6/2,2344,0
2008/6/3,2344,0
2008/6/4,2344,0
2008/6/5,2344,0
2008/6/6,2344,0
2008/6/9,2344,0
2008/6/10,2344,0
2008/6/11,2344,0
2008/6/12,2344,0
2008/6/13,2344,0
2008/6/16,2344,0
2008/6/17,2344,0
2008/6/18,2344,0
2008/6/19,2344,0
2008/6/20,2344,0
2008/6/23,2344,0
2008/6/24,2344,0
2008/6/25,2344,0
2008/6/26,2344,0
2008/6/27,2344,0
2008/6/30,2344,0
2008/7/1,2344,0
2008/7/2,2344,0
2008/7/3,2344,0
2008/7/4,2344,0
2008/7/7,2344,0
2008/7/8,2344,0
2008/7/9,2344,0
2008/7/10,2344,0
2008/7/11,2344,0
2008/7/14,2344,0
2008/7/15,2344,0
2008/7/16,2344,0
2008/7/17,2344,0
2008/7/18,2344,0
2008/7/21,2344,0
2008/7/22,2344,0
2008/7/23,2344,0
2008/7/24,2344,0
2008/7/25,2344,0
2008/7/29,2344,0
2008/7/30,2344,0
2008/7/31,2344,0
2008/8/1,2344,0
2008/8/4,2344,0
2008/8/5,2344,0
2008/8/6,2344,0
2008/8/7,2344,0
2008/8/8,2344,0
2008/8/11,2344,0
2008/8/12,2344,0
2008/8/13,2344,0
2008/8/14,2344,0
2008/8/15,2344,0
2008/8/18,2344,0
2008/8/19,2344,0
2008/8/20,2344,0
2008/8/21,2344,0
2008/8/22,2344,0
2008/8/25,2344,0
2008/8/26,2344,0
2008/8/27,2344,0
2008/8/28,2344,0
2008/8/29,2344,0
2008/9/1,2344,0
2008/9/2,2344,0
2008/9/3,2344,0
2008/9/4,2344,0
2008/9/5,2344,0
2008/9/8,2344,0
2008/9/9,2344,0
2008/9/10,2344,0
2008/9/11,2344,0
2008/9/12,2344,0
2008/9/15,2344,0
2008/9/16,2344,0
2008/9/17,2344,0
2008/9/18,2344,0
2008/9/19,2344,0
2008/9/22,2344,0
2008/9/23,2344,0
2008/9/24,2344,0
2008/9/25,2344,0
2008/9/26,2344,0
2008/9/30,2344,0
2008/10/1,2344,0
2008/10/2,2344,0
2008/10/3,2344,0
2008/10/6,2344,0
2008/10/7,2344,0
2008/10/8,2344,0
2008/10/9,2344,0
2008/10/13,2344,0
2008/10/14,2344,0
2008/10/15,2344,0
2008/10/16,2344,0
2008/10/17,2344,0
2008/10/20,2344,0
2008/10/21,2344,0
2008/10/22,2344,0
2008/10/23,2344,0
2008/10/24,2344,0
2008/10/27,2344,0
2008/10/28,2344,0
2008/10/29,2344,0
2008/10/30,2344,0
2008/10/31,2344,0
2008/11/3,2344,0
2008/11/4,2344,0
2008/11/5,2344,0
2008/11/6,2344,0
2008/11/7,2344,0
2008/11/10,2344,0
2008/11/11,2344,0
2008/11/12,2344,0
2008/11/13,2344,0
2008/11/14,2344,0
2008/11/17,2344,0
2008/11/18,2344,0
2008/11/19,2344,0
2008/11/20,2344,0
2008/11/21,2344,0
2008/11/24,2344,0
2008/11/25,2344,0
2008/11/26,2344,0
2008/11/27,2344,0
2008/11/28,2344,0
2008/12/1,2344,0
2008/12/2,2344,0
2008/12/3,2344,0
2008/12/4,2344,0
2008/12/5,2344,0
2008/12/8,2344,0
2008/12/9,2344,0
2008/12/10,2344,0
2008/12/11,2344,0
2008/12/12,2344,0
2008/12/15,2344,0
2008/12/16,2344,0
2008/12/17,2344,0
2008/12/18,2344,0
2008/12/19,2344,0
2008/12/22,2344,0
2008/12/23,2344,0
2008/12/24,2344,0
2008/12/25,2344,0
2008/12/26,2344,0
2008/12/29,2344,0
2008/12/30,2344,0
2008/12/31,2344,0
2009/1/5,2344,0
2009/1/6,-1736,0
2009/1/7,-1736,0
2009/1/8,-1736,0
2009/1/9,-1736,0
2009/1/10,-1736,0
2009/1/12,-2017,0
2009/1/13,-2017,0
2009/1/14,-2017,0
2009/1/15,-2017,0
2009/1/16,-2017,0
2009/1/17,-2017,0
2009/1/19,-2017,0
2009/1/20,-2017,0
2009/1/21,-2017,0
2009/2/2,-2017,0
2009/2/3,-2017,0
2009/2/4,-2017,0
2009/2/5,-2017,0
2009/2/6,-2017,0
2009/2/9,-2017,0
2009/2/10,-2017,0
2009/2/11,-1887,0
2009/2/12,-1887,0
2009/2/13,-1887,0
2009/2/16,-1887,0
2009/2/17,-1887,0
2009/2/18,-1887,0
2009/2/19,-1887,0
2009/2/20,-2075,0
2009/2/23,-2075,0
2009/2/24,-2075,0
2009/2/25,-2075,0
2009/2/26,-2075,0
2009/2/27,-2075,0
2009/3/2,-2075,0
2009/3/3,-2075,0
2009/3/4,-2075,0
2009/3/5,-1843,0
2009/3/6,-1843,0
2009/3/9,-1843,0
2009/3/10,-1843,0
2009/3/11,-1843,0
2009/3/12,-1843,0
2009/3/13,-1843,0
2009/3/16,-1843,0
2009/3/17,-1843,0
2009/3/18,-1843,0
2009/3/19,-1843,0
2009/3/20,-1843,0
2009/3/23,-1843,0
2009/3/24,-1843,0
2009/3/25,-1843,0
2009/3/26,-1843,0
2009/3/27,-1843,0
2009/3/30,-1843,0
2009/3/31,-1843,0
2009/4/1,-1843,0
2009/4/2,-1843,0
2009/4/3,-1843,0
2009/4/6,-1843,0
2009/4/7,-1843,0
2009/4/8,-1843,0
2009/4/9,-1843,0
2009/4/10,-1843,0
2009/4/13,-1843,0
2009/4/14,-1843,0
2009/4/15,-1843,0
2009/4/16,-1843,0
2009/4/17,-1843,0
2009/4/20,-1843,0
2009/4/21,-1843,0
2009/4/22,-1843,0
2009/4/23,-541,0
2009/4/24,-541,0
2009/4/27,-541,0
2009/4/28,-541,0
2009/4/29,-541,0
2009/4/30,-541,0
2009/5/4,-4,0
2009/5/5,-4,0
2009/5/6,-4,0
2009/5/7,-4,0
2009/5/8,-4,0
2009/5/11,-4,0
2009/5/12,-4,0
2009/5/13,-4,0
2009/5/14,-4,0
2009/5/15,35,0
2009/5/18,35,0
2009/5/19,35,0
2009/5/20,257,0
2009/5/21,257,0
2009/5/22,257,0
2009/5/25,257,0
2009/5/26,257,0
2009/5/27,257,0
2009/6/1,257,0
2009/6/2,257,0
2009/6/3,257,0
2009/6/4,257,0
2009/6/5,257,0
2009/6/6,257,0
2009/6/8,205,0
2009/6/9,205,0
2009/6/10,205,0
2009/6/11,205,0
2009/6/12,205,0
2009/6/15,205,0
2009/6/16,205,0
2009/6/17,205,0
2009/6/18,205,0
2009/6/19,205,0
2009/6/22,205,0
2009/6/23,205,0
2009/6/24,205,0
2009/6/25,205,0
2009/6/26,-52,0
2009/6/29,-52,0
2009/6/30,-52,0
2009/7/1,-52,0
2009/7/2,-52,0
2009/7/3,-52,0
2009/7/6,-52,0
2009/7/7,-52,0
2009/7/8,-52,0
2009/7/9,-52,0
2009/7/10,-52,0
2009/7/13,-52,0
2009/7/14,-52,0
2009/7/15,-52,0
2009/7/16,-52,0
2009/7/17,320,0
2009/7/20,420,0
2009/7/21,420,0
2009/7/22,420,0
2009/7/23,420,0
2009/7/24,420,0
2009/7/27,420,0
2009/7/28,420,0
2009/7/29,420,0
2009/7/30,420,0
2009/7/31,420,0
2009/8/3,420,0
2009/8/4,420,0
2009/8/5,329,0
2009/8/6,329,0
2009/8/10,329,0
2009/8/11,329,0
2009/8/12,329,0
2009/8/13,329,0
2009/8/14,621,0
2009/8/17,621,0
2009/8/18,621,0
2009/8/19,621,0
2009/8/20,251,0
2009/8/21,251,0
2009/8/24,251,0
2009/8/25,251,0
2009/8/26,251,0
2009/8/27,251,0
2009/8/28,251,0
2009/8/31,251,0
2009/9/1,584,0
2009/9/2,584,0
2009/9/3,584,0
2009/9/4,584,0
2009/9/7,584,0
2009/9/8,584,0
2009/9/9,584,0
2009/9/10,584,0
2009/9/11,584,0
2009/9/14,584,0
2009/9/15,584,0
2009/9/16,584,0
2009/9/17,584,0
2009/9/18,584,0
2009/9/21,584,0
2009/9/22,584,0
2009/9/23,584,0
2009/9/24,584,0
2009/9/25,895,0
2009/9/28,895,0
2009/9/29,895,0
2009/9/30,895,0
2009/10/1,1098,0
2009/10/2,1098,0
2009/10/5,1098,0
2009/10/6,1098,0
2009/10/7,1098,0
2009/10/8,1098,0
2009/10/9,1098,0
2009/10/12,1098,0
2009/10/13,1098,0
2009/10/14,1098,0
2009/10/15,1098,0
2009/10/16,1098,0
2009/10/19,1098,0
2009/10/20,1098,0
2009/10/21,1098,0
2009/10/22,1098,0
2009/10/23,1098,0
2009/10/26,1202,0
2009/10/27,1202,0
2009/10/28,1202,0
2009/10/29,1202,0
2009/10/30,1202,0
2009/11/2,1202,0
2009/11/3,1202,0
2009/11/4,1202,0
2009/11/5,1202,0
2009/11/6,1202,0
2009/11/9,1107,0
2009/11/10,1107,0
2009/11/11,1107,0
2009/11/12,1107,0
2009/11/13,1107,0
2009/11/16,1107,0
2009/11/17,1107,0
2009/11/18,1107,0
2009/11/19,1107,0
2009/11/20,1107,0
2009/11/23,1107,0
2009/11/24,1258,0
2009/11/25,1258,0
2009/11/26,1258,0
2009/11/27,1258,0
2009/11/30,1258,0
2009/12/1,1258,0
2009/12/2,1258,0
2009/12/3,1258,0
2009/12/4,1258,0
2009/12/7,1312,0
2009/12/8,1312,0
2009/12/9,1312,0
2009/12/10,1312,0
2009/12/11,1312,0
2009/12/14,1312,0
2009/12/15,1312,0
2009/12/16,1312,0
2009/12/17,1312,0
2009/12/18,1312,0
2009/12/21,1312,0
2009/12/22,1312,0
2009/12/23,1426,0
2009/12/24,1426,0
2009/12/25,1426,0
2009/12/28,1426,0
2009/12/29,1426,0
2009/12/30,1426,0
2009/12/31,1426,0
2010/1/4,1426,0
2010/1/5,1426,0
2010/1/6,1426,0
2010/1/7,1426,0
2010/1/8,1426,0
2010/1/11,1426,0
2010/1/12,1426,0
2010/1/13,1426,0
2010/1/14,1426,0
2010/1/15,1426,0
2010/1/18,1426,0
2010/1/19,1426,0
2010/1/20,1426,0
2010/1/21,1694,0
2010/1/22,1694,0
2010/1/25,1694,0
2010/1/26,1694,0
2010/1/27,1694,0
2010/1/28,1694,0
2010/1/29,1694,0
2010/2/1,1694,0
2010/2/2,1694,0
2010/2/3,1694,0
2010/2/4,1694,0
2010/2/5,1694,0
2010/2/6,1694,0
2010/2/8,1694,0
2010/2/9,1694,0
2010/2/10,1694,0
2010/2/22,1694,0
2010/2/23,1694,0
2010/2/24,1694,0
2010/2/25,1694,0
2010/2/26,1694,0
2010/3/1,1694,0
2010/3/2,1694,0
2010/3/3,1694,0
2010/3/4,1694,0
2010/3/5,1694,0
2010/3/8,1694,0
2010/3/9,1694,0
2010/3/10,1694,0
2010/3/11,1694,0
2010/3/12,1694,0
2010/3/15,1694,0
2010/3/16,1694,0
2010/3/17,1694,0
2010/3/18,1694,0
2010/3/19,1694,0
2010/3/22,1363,0
2010/3/23,1363,0
2010/3/24,1363,0
2010/3/25,1363,0
2010/3/26,1363,0
2010/3/29,1363,0
2010/3/30,1363,0
2010/3/31,1363,0
2010/4/1,1363,0
2010/4/2,1363,0
2010/4/6,1363,0
2010/4/7,1363,0
2010/4/8,1363,0
2010/4/9,1363,0
2010/4/12,1363,0
2010/4/13,1363,0
2010/4/14,1363,0
2010/4/15,1363,0
2010/4/16,1363,0
2010/4/19,1385,0
2010/4/20,1385,0
2010/4/21,1385,0
2010/4/22,1385,0
2010/4/23,1385,0
2010/4/26,1385,0
2010/4/27,1689,0
2010/4/28,1689,0
2010/4/29,1689,0
2010/4/30,1689,0
2010/5/3,1689,0
2010/5/4,1441,0
2010/5/5,1441,0
2010/5/6,1441,0
2010/5/7,1441,0
2010/5/10,1441,0
2010/5/11,1441,0
2010/5/12,1441,0
2010/5/13,1441,0
2010/5/14,1441,0
2010/5/17,1441,0
2010/5/18,1441,0
2010/5/19,1441,0
2010/5/20,1441,0
2010/5/21,1441,0
2010/5/24,1441,0
2010/5/25,1441,0
2010/5/26,1441,0
2010/5/27,1441,0
2010/5/28,1441,0
2010/5/31,1441,0
2010/6/1,1441,0
2010/6/2,1441,0
2010/6/3,1441,0
2010/6/4,1441,0
2010/6/7,1441,0
2010/6/8,1441,0
2010/6/9,1441,0
2010/6/10,1441,0
2010/6/11,1441,0
2010/6/14,1441,0
2010/6/15,1441,0
2010/6/17,1441,0
2010/6/18,1441,0
2010/6/21,1441,0
2010/6/22,1441,0
2010/6/23,1441,0
2010/6/24,1441,0
2010/6/25,1441,0
2010/6/28,1441,0
2010/6/29,1441,0
2010/6/30,1441,0
2010/7/1,1441,0
2010/7/2,1441,0
2010/7/5,1441,0
2010/7/6,1441,0
2010/7/7,1441,0
2010/7/8,1441,0
2010/7/9,1441,0
2010/7/12,1091,0
2010/7/13,1091,0
2010/7/14,1091,0
2010/7/15,1091,0
2010/7/16,1091,0
2010/7/19,1091,0
2010/7/20,1091,0
2010/7/21,1091,0
2010/7/22,1091,0
2010/7/23,1091,0
2010/7/26,1091,0
2010/7/27,1219,0
2010/7/28,1219,0
2010/7/29,1268,0
2010/7/30,1268,0
2010/8/2,1268,0
2010/8/3,1268,0
2010/8/4,1268,0
2010/8/5,1268,0
2010/8/6,1268,0
2010/8/9,1268,0
2010/8/10,1268,0
2010/8/11,1268,0
2010/8/12,1268,0
2010/8/13,1473,0
2010/8/16,1473,0
2010/8/17,1473,0
2010/8/18,1473,0
2010/8/19,1478,0
2010/8/20,1478,0
2010/8/23,1478,0
2010/8/24,1478,0
2010/8/25,1240,0
2010/8/26,1240,0
2010/8/27,1240,0
2010/8/30,1240,0
2010/8/31,1240,0
2010/9/1,1240,0
2010/9/2,1240,0
2010/9/3,1240,0
2010/9/6,1240,0
2010/9/7,1413,0
2010/9/8,1413,0
2010/9/9,1413,0
2010/9/10,1413,0
2010/9/13,1413,0
2010/9/14,1413,0
2010/9/15,1413,0
2010/9/16,1413,0
2010/9/17,1413,0
2010/9/20,1413,0
2010/9/21,1413,0
2010/9/23,1413,0
2010/9/24,1413,0
2010/9/27,1413,0
2010/9/28,1413,0
2010/9/29,1413,0
2010/9/30,1413,0
2010/10/1,1413,0
2010/10/4,1413,0
2010/10/5,1413,0
2010/10/6,1413,0
2010/10/7,1413,0
2010/10/8,1413,0
2010/10/11,1413,0
2010/10/12,1618,0
2010/10/13,1618,0
2010/10/14,1618,0
2010/10/15,1618,0
2010/10/18,1618,0
2010/10/19,1618,0
2010/10/20,1618,0
2010/10/21,1618,0
2010/10/22,1618,0
2010/10/25,1863,0
2010/10/26,1863,0
2010/10/27,1863,0
2010/10/28,1863,0
2010/10/29,1863,0
2010/11/1,1863,0
2010/11/2,1863,0
2010/11/3,1863,0
2010/11/4,1863,0
2010/11/5,1863,0
2010/11/8,1863,0
2010/11/9,1863,0
2010/11/10,1863,0
2010/11/11,1863,0
2010/11/12,1863,0
2010/11/15,1863,0
2010/11/16,1849,0
2010/11/17,1849,0
2010/11/18,1849,0
2010/11/19,1849,0
2010/11/22,1849,0
2010/11/23,1849,0
2010/11/24,1863,0
2010/11/25,1863,0
2010/11/26,1863,0
2010/11/29,1863,0
2010/11/30,1863,0
2010/12/1,1863,0
2010/12/2,1863,0
2010/12/3,1863,0
2010/12/6,1863,0
2010/12/7,1863,0
2010/12/8,1863,0
2010/12/9,1863,0
2010/12/10,1863,0
2010/12/13,1863,0
2010/12/14,1863,0
2010/12/15,1863,0
2010/12/16,1863,0
2010/12/17,1863,0
2010/12/20,1863,0
2010/12/21,1863,0
2010/12/22,1863,0
2010/12/23,1863,0
2010/12/24,1863,0
2010/12/27,1863,0
2010/12/28,1863,0
2010/12/29,1863,0
2010/12/30,1863,0
2010/12/31,1863,0
2011/1/3,1863,0
2011/1/4,1863,0
2011/1/5,1863,0
2011/1/6,1863,0
2011/1/7,2313,0
2011/1/10,2313,0
2011/1/11,2313,0
2011/1/12,2313,0
2011/1/13,2313,0
2011/1/14,2529,0
2011/1/17,2529,0
2011/1/18,2529,0
2011/1/19,2529,0
2011/1/20,2529,0
2011/1/21,2529,0
2011/1/24,2529,0
2011/1/25,2529,0
2011/1/26,2611,0
2011/1/27,2663,0
2011/1/28,2663,0
2011/2/8,2663,0
2011/2/9,2663,0
2011/2/10,2663,0
2011/2/11,2124,0
2011/2/14,2124,0
2011/2/15,2124,0
2011/2/16,2124,0
2011/2/17,2124,0
2011/2/18,2124,0
2011/2/21,2124,0
2011/2/22,2124,0
2011/2/23,2124,0
2011/2/24,2124,0
2011/2/25,2124,0
2011/3/1,2124,0
2011/3/2,2124,0
2011/3/3,2124,0
2011/3/4,2124,0
2011/3/7,2124,0
2011/3/8,2124,0
2011/3/9,2124,0
2011/3/10,2124,0
2011/3/11,2124,0
2011/3/14,2124,0
2011/3/15,2124,0
2011/3/16,2124,0
2011/3/17,2124,0
2011/3/18,2124,0
2011/3/21,2124,0
2011/3/22,2124,0
2011/3/23,2124,0
2011/3/24,2124,0
2011/3/25,2124,0
2011/3/28,2124,0
2011/3/29,2124,0
2011/3/30,2124,0
2011/3/31,2124,0
2011/4/1,2124,0
2011/4/6,2124,0
2011/4/7,2124,0
2011/4/8,2428,0
2011/4/11,2428,0
2011/4/12,2428,0
2011/4/13,2428,0
2011/4/14,2428,0
2011/4/15,2265,0
2011/4/18,2265,0
2011/4/19,2265,0
2011/4/20,2265,0
2011/4/21,2265,0
2011/4/22,2551,0
2011/4/25,2551,0
2011/4/26,2551,0
2011/4/27,2551,0
2011/4/28,2551,0
2011/4/29,2551,0
2011/5/3,2551,0
2011/5/4,2551,0
2011/5/5,2610,0
2011/5/6,2610,0
2011/5/9,2610,0
2011/5/10,2605,0
2011/5/11,2605,0
2011/5/12,2605,0
2011/5/13,2605,0
2011/5/16,2605,0
2011/5/17,2471,0
2011/5/18,2471,0
2011/5/19,2471,0
2011/5/20,2471,0
2011/5/23,2471,0
2011/5/24,2471,0
2011/5/25,2471,0
2011/5/26,2471,0
2011/5/27,2471,0
2011/5/30,2471,0
2011/5/31,2471,0
2011/6/1,2646,0
2011/6/2,2646,0
2011/6/3,2646,0
2011/6/7,2646,0
2011/6/8,2646,0
2011/6/9,2646,0
2011/6/10,2646,0
2011/6/13,2303,0
2011/6/14,2303,0
2011/6/15,2303,0
2011/6/16,2303,0
2011/6/17,2303,0
2011/6/20,2303,0
2011/6/21,2303,0
2011/6/22,2303,0
2011/6/23,2303,0
2011/6/24,2303,0
2011/6/27,2303,0
2011/6/28,2303,0
2011/6/29,2303,0
2011/6/30,2303,0
2011/7/1,2303,0
2011/7/4,2303,0
2011/7/5,2303,0
2011/7/6,2303,0
2011/7/7,2303,0
2011/7/8,2303,0
2011/7/11,2303,0
2011/7/12,2303,0
2011/7/13,2303,0
2011/7/14,2303,0
2011/7/15,2303,0
2011/7/18,2303,0
2011/7/19,2303,0
2011/7/20,2303,0
2011/7/21,2303,0
2011/7/22,2303,0
2011/7/25,2303,0
2011/7/26,2303,0
2011/7/27,2303,0
2011/7/28,2303,0
2011/7/29,2303,0
2011/8/1,2303,0
2011/8/2,2303,0
2011/8/3,2303,0
2011/8/4,2303,0
2011/8/5,2303,0
2011/8/8,2303,0
2011/8/9,2303,0
2011/8/10,2303,0
2011/8/11,2303,0
2011/8/12,2303,0
2011/8/15,2303,0
2011/8/16,2303,0
2011/8/17,2303,0
2011/8/18,2303,0
2011/8/19,2303,0
2011/8/22,2303,0
2011/8/23,2303,0
2011/8/24,2303,0
2011/8/25,2303,0
2011/8/26,2303,0
2011/8/29,2303,0
2011/8/30,2303,0
2011/8/31,2303,0
2011/9/1,2303,0
2011/9/2,2303,0
2011/9/5,2303,0
2011/9/6,2303,0
2011/9/7,2303,0
2011/9/8,2303,0
2011/9/9,2303,0
2011/9/13,2303,0
2011/9/14,2303,0
2011/9/15,2303,0
2011/9/16,2303,0
2011/9/19,2303,0
2011/9/20,2303,0
2011/9/21,2303,0
2011/9/22,2303,0
2011/9/23,2303,0
2011/9/26,2303,0
2011/9/27,2303,0
2011/9/28,2303,0
2011/9/29,2303,0
2011/9/30,2303,0
2011/10/3,2303,0
2011/10/4,2303,0
2011/10/5,2303,0
2011/10/6,2303,0
2011/10/7,2303,0
2011/10/11,2303,0
2011/10/12,2303,0
2011/10/13,2303,0
2011/10/14,2303,0
2011/10/17,2303,0
2011/10/18,2303,0
2011/10/19,2303,0
2011/10/20,2303,0
2011/10/21,2303,0
2011/10/24,2303,0
2011/10/25,2303,0
2011/10/26,2303,0
2011/10/27,1151,0
2011/10/28,1151,0
2011/10/31,1151,0
2011/11/1,1151,0
2011/11/2,1151,0
2011/11/3,1151,0
2011/11/4,1151,0
2011/11/7,1151,0
2011/11/8,1149,0
2011/11/9,1149,0
2011/11/10,1149,0
2011/11/11,1149,0
2011/11/14,1149,0
2011/11/15,1149,0
2011/11/16,1149,0
2011/11/17,1149,0
2011/11/18,1149,0
2011/11/21,1149,0
2011/11/22,1149,0
2011/11/23,1149,0
2011/11/24,1149,0
2011/11/25,1149,0
2011/11/28,1149,0
2011/11/29,1149,0
2011/11/30,1149,0
2011/12/1,1149,0
2011/12/2,1149,0
2011/12/5,1149,0
2011/12/6,1149,0
2011/12/7,1149,0
2011/12/8,1149,0
2011/12/9,1149,0
2011/12/12,1149,0
2011/12/13,1149,0
2011/12/14,1149,0
2011/12/15,1149,0
2011/12/16,1149,0
2011/12/19,1149,0
2011/12/20,1149,0
2011/12/21,1149,0
2011/12/22,1149,0
2011/12/23,1149,0
2011/12/26,1149,0
2011/12/27,1149,0
2011/12/28,1149,0
2011/12/29,1149,0
2011/12/30,1149,0
2012/1/2,1149,0
2012/1/3,1149,0
2012/1/4,1149,0
2012/1/5,1149,0
2012/1/6,1149,0
2012/1/9,1149,0
2012/1/10,1149,0
2012/1/11,1149,0
2012/1/12,1149,0
2012/1/13,1149,0
2012/1/16,1149,0
2012/1/17,785,0
2012/1/18,785,0
2012/1/30,785,0
2012/1/31,785,0
2012/2/1,785,0
2012/2/2,785,0
2012/2/3,785,0
2012/2/4,785,0
2012/2/6,785,0
2012/2/7,785,0
2012/2/8,785,0
2012/2/9,785,0
2012/2/10,785,0
2012/2/13,785,0
2012/2/14,785,0
2012/2/15,785,0
2012/2/16,785,0
2012/2/17,785,0
2012/2/20,785,0
2012/2/21,785,0
2012/2/22,785,0
2012/2/23,785,0
2012/2/24,785,0
2012/2/29,785,0
2012/3/1,785,0
2012/3/2,785,0
2012/3/3,785,0
2012/3/5,785,0
2012/3/6,785,0
2012/3/7,1452,0
2012/3/8,1452,0
2012/3/9,1452,0
2012/3/12,1452,0
2012/3/13,1452,0
2012/3/14,1452,0
2012/3/15,1695,0
2012/3/16,1695,0
2012/3/19,1695,0
2012/3/20,1695,0
2012/3/21,1695,0
2012/3/22,1641,0
2012/3/23,1641,0
2012/3/26,1641,0
2012/3/27,1641,0
2012/3/28,1641,0
2012/3/29,1641,0
2012/3/30,1641,0
2012/4/2,1641,0
2012/4/3,1641,0
2012/4/5,1641,0
2012/4/6,1641,0
2012/4/9,1641,0
2012/4/10,1641,0
2012/4/11,1641,0
2012/4/12,1641,0
2012/4/13,1641,0
2012/4/16,1641,0
2012/4/17,1641,0
2012/4/18,1641,0
2012/4/19,1641,0
2012/4/20,1641,0
2012/4/23,1641,0
2012/4/24,1641,0
2012/4/25,1641,0
2012/4/26,1641,0
2012/4/27,1641,0
2012/4/30,1641,0
2012/5/2,1641,0
2012/5/3,1641,0
2012/5/4,1641,0
2012/5/7,1641,0
2012/5/8,1641,0
2012/5/9,1641,0
2012/5/10,1641,0
2012/5/11,1641,0
2012/5/14,1641,0
2012/5/15,1641,0
2012/5/16,1641,0
2012/5/17,1641,0
2012/5/18,1641,0
2012/5/21,1641,0
2012/5/22,1641,0
2012/5/23,1641,0
2012/5/24,1641,0
2012/5/25,1641,0
2012/5/28,1641,0
2012/5/29,1641,0
2012/5/30,1641,0
2012/5/31,1641,0
2012/6/1,1641,0
2012/6/4,1641,0
2012/6/5,1641,0
2012/6/6,1641,0
2012/6/7,1641,0
2012/6/8,1641,0
2012/6/11,1641,0
2012/6/12,1641,0
2012/6/13,1641,0
2012/6/14,1641,0
2012/6/15,1641,0
2012/6/18,1641,0
2012/6/19,1641,0
2012/6/20,1641,0
2012/6/21,1641,0
2012/6/22,1641,0
2012/6/25,1641,0
2012/6/26,1641,0
2012/6/27,1641,0
2012/6/28,1641,0
2012/6/29,1641,0
2012/7/2,1641,0
2012/7/3,1641,0
2012/7/4,1641,0
2012/7/5,1641,0
2012/7/6,1641,0
2012/7/9,1641,0
2012/7/10,1641,0
2012/7/11,1641,0
2012/7/12,1641,0
2012/7/13,1641,0
2012/7/16,1641,0
2012/7/17,1641,0
2012/7/18,1641,0
2012/7/19,1641,0
2012/7/20,1641,0
2012/7/23,1641,0
2012/7/24,1641,0
2012/7/25,1641,0
2012/7/26,1641,0
2012/7/27,1641,0
2012/7/30,1641,0
2012/7/31,1641,0
2012/8/1,1641,0
2012/8/3,700,0
2012/8/6,700,0
2012/8/7,700,0
2012/8/8,700,0
2012/8/9,700,0
2012/8/10,700,0
2012/8/13,700,0
2012/8/14,700,0
2012/8/15,700,0
2012/8/16,700,0
2012/8/17,700,0
2012/8/20,700,0
2012/8/21,700,0
2012/8/22,700,0
2012/8/23,700,0
2012/8/24,700,0
2012/8/27,700,0
2012/8/28,959,0
2012/8/29,959,0
2012/8/30,959,0
2012/8/31,959,0
2012/9/3,959,0
2012/9/4,959,0
2012/9/5,959,0
2012/9/6,959,0
2012/9/7,959,0
2012/9/10,1016,0
2012/9/11,1025,0
2012/9/12,1143,0
2012/9/13,1143,0
2012/9/14,1143,0
2012/9/17,1143,0
2012/9/18,1143,0
2012/9/19,1143,0
2012/9/20,1143,0
2012/9/21,1143,0
2012/9/24,1143,0
2012/9/25,1143,0
2012/9/26,1143,0
2012/9/27,1288,0
2012/9/28,1288,0
2012/10/1,1288,0
2012/10/2,1288,0
2012/10/3,1288,0
2012/10/4,1288,0
2012/10/5,1288,0
2012/10/8,1288,0
2012/10/9,1288,0
2012/10/11,1288,0
2012/10/12,1288,0
2012/10/15,1288,0
2012/10/16,1288,0
2012/10/17,1288,0
2012/10/18,1288,0
2012/10/19,1288,0
2012/10/22,1288,0
2012/10/23,1288,0
2012/10/24,1288,0
2012/10/25,1288,0
2012/10/26,1288,0
2012/10/29,1288,0
2012/10/30,1288,0
2012/10/31,1288,0
2012/11/1,1288,0
2012/11/2,1288,0
2012/11/5,1288,0
2012/11/6,1288,0
2012/11/7,1288,0
2012/11/8,1288,0
2012/11/9,1288,0
2012/11/12,1288,0
2012/11/13,1288,0
2012/11/14,1288,0
2012/11/15,1288,0
2012/11/16,1288,0
2012/11/19,1288,0
2012/11/20,1288,0
2012/11/21,1288,0
2012/11/22,1288,0
2012/11/23,1288,0
2012/11/26,1288,0
2012/11/27,1288,0
2012/11/28,1288,0
2012/11/29,1288,0
2012/11/30,1154,0
2012/12/3,1154,0
2012/12/4,1154,0
2012/12/5,1154,0
2012/12/6,1154,0
2012/12/7,1154,0
2012/12/10,1154,0
2012/12/11,1154,0
2012/12/12,1154,0
2012/12/13,1154,0
2012/12/14,1154,0
2012/12/17,1154,0
2012/12/18,1154,0
2012/12/19,1154,0
2012/12/20,1119,0
2012/12/21,1119,0
2012/12/22,1119,0
2012/12/24,1119,0
2012/12/25,1119,0
2012/12/26,1119,0
2012/12/27,1119,0
2012/12/28,1237,0
2013/1/2,1237,0
2013/1/3,1237,0
2013/1/4,1237,0
2013/1/7,1237,0
2013/1/8,1237,0
2013/1/9,1237,0
2013/1/10,1237,0
2013/1/11,1237,0
2013/1/14,1237,0
2013/1/15,1237,0
2013/1/16,1237,0
2013/1/17,1174,0
2013/1/18,1174,0
2013/1/21,1174,0
2013/1/22,1174,0
2013/1/23,1174,0
2013/1/24,1174,0
2013/1/25,1174,0
2013/1/28,1287,0
2013/1/29,1287,0
2013/1/30,1287,0
2013/1/31,1287,0
2013/2/1,1287,0
2013/2/4,1287,0
2013/2/5,1287,0
2013/2/6,1287,0
2013/2/18,1287,0
2013/2/19,1287,0
2013/2/20,1287,0
2013/2/21,1287,0
2013/2/22,1287,0
2013/2/23,1287,0
2013/2/25,1287,0
2013/2/26,1443,0
2013/2/27,1443,0
2013/3/1,1443,0
2013/3/4,1443,0
2013/3/5,1443,0
2013/3/6,1443,0
2013/3/7,1443,0
2013/3/8,1568,0
2013/3/11,1568,0
2013/3/12,1568,0
2013/3/13,1568,0
2013/3/14,1568,0
2013/3/15,1568,0
2013/3/18,1352,0
2013/3/19,1352,0
2013/3/20,1352,0
2013/3/21,1352,0
2013/3/22,1352,0
2013/3/25,1352,0
2013/3/26,1352,0
2013/3/27,1352,0
2013/3/28,1403,0
2013/3/29,1403,0
2013/4/1,1403,0
2013/4/2,1403,0
2013/4/3,1403,0
2013/4/8,1403,0
2013/4/9,1268,0
2013/4/10,1268,0
2013/4/11,1268,0
2013/4/12,1268,0
2013/4/15,1268,0
2013/4/16,1268,0
2013/4/17,1268,0
2013/4/18,1268,0
2013/4/19,1268,0
2013/4/22,1268,0
2013/4/23,1486,0
2013/4/24,1486,0
2013/4/25,1486,0
2013/4/26,1486,0
2013/4/29,1486,0
2013/4/30,1486,0
2013/5/2,1486,0
2013/5/3,1486,0
2013/5/6,1486,0
2013/5/7,1486,0
2013/5/8,1486,0
2013/5/9,1486,0
2013/5/10,1486,0
2013/5/13,1486,0
2013/5/14,1486,0
2013/5/15,1486,0
2013/5/16,1486,0
2013/5/17,1486,0
2013/5/20,1486,0
2013/5/21,1486,0
2013/5/22,1486,0
2013/5/23,1486,0
2013/5/24,1780,0
2013/5/27,1780,0
2013/5/28,1780,0
2013/5/29,1780,0
2013/5/30,1780,0
2013/5/31,1780,0
2013/6/3,1780,0
2013/6/4,1780,0
2013/6/5,1780,0
2013/6/6,1780,0
2013/6/7,1780,0
2013/6/10,1780,0
2013/6/11,1780,0
2013/6/13,1780,0
2013/6/14,1780,0
2013/6/17,1780,0
2013/6/18,1780,0
2013/6/19,1780,0
2013/6/20,1780,0
2013/6/21,1780,0
2013/6/24,1780,0
2013/6/25,1780,0
2013/6/26,1780,0
2013/6/27,1780,0
2013/6/28,1780,0
2013/7/1,1780,0
2013/7/2,1780,0
2013/7/3,1780,0
2013/7/4,1780,0
2013/7/5,1780,0
2013/7/8,1780,0
2013/7/9,1780,0
2013/7/10,1780,0
2013/7/11,1780,0
2013/7/12,1780,0
2013/7/15,1776,0
2013/7/16,1776,0
2013/7/17,1776,0
2013/7/18,1776,0
2013/7/19,1776,0
2013/7/22,1776,0
2013/7/23,1694,0
2013/7/24,1694,0
2013/7/25,1694,0
2013/7/26,1694,0
2013/7/29,1694,0
2013/7/30,1688,0
2013/7/31,1688,0
2013/8/1,1604,0
2013/8/2,1604,0
2013/8/5,1604,0
2013/8/6,1604,0
2013/8/7,1604,0
2013/8/8,1604,0
2013/8/9,1604,0
2013/8/12,1604,0
2013/8/13,1604,0
2013/8/14,1604,0
2013/8/15,1604,0
2013/8/16,1604,0
2013/8/19,1604,0
2013/8/20,1604,0
2013/8/22,1604,0
2013/8/23,1604,0
2013/8/26,1604,0
2013/8/27,1604,0
2013/8/28,1604,0
2013/8/29,1604,0
2013/8/30,1604,0
2013/9/2,1604,0
2013/9/3,1604,0
2013/9/4,1631,0
2013/9/5,1631,0
2013/9/6,1631,0
2013/9/9,1631,0
2013/9/10,1631,0
2013/9/11,1631,0
2013/9/12,1631,0
2013/9/13,1631,0
2013/9/14,1631,0
2013/9/16,1631,0
2013/9/17,1631,0
2013/9/18,1631,0
2013/9/23,1631,0
2013/9/24,1631,0
2013/9/25,1631,0
2013/9/26,1631,0
2013/9/27,1631,0
2013/9/30,1681,0
2013/10/1,1681,0
2013/10/2,1681,0
2013/10/3,1681,0
2013/10/4,1926,0
2013/10/7,1926,0
2013/10/8,1926,0
2013/10/9,1926,0
2013/10/11,1926,0
2013/10/14,1926,0
2013/10/15,1926,0
2013/10/16,1926,0
2013/10/17,1924,0
2013/10/18,1977,0
2013/10/21,1977,0
2013/10/22,1977,0
2013/10/23,1977,0
2013/10/24,1977,0
2013/10/25,1977,0
2013/10/28,1949,0
2013/10/29,1949,0
2013/10/30,1949,0
2013/10/31,1989,0
2013/11/1,1989,0
2013/11/4,1989,0
2013/11/5,1827,0
2013/11/6,1827,0
2013/11/7,1827,0
2013/11/8,1827,0
2013/11/11,1827,0
2013/11/12,1827,0
2013/11/13,1827,0
2013/11/14,1827,0
2013/11/15,1827,0
2013/11/18,1827,0
2013/11/19,1827,0
2013/11/20,1827,0
2013/11/21,1827,0
2013/11/22,1827,0
2013/11/25,1827,0
2013/11/26,1827,0
2013/11/27,1827,0
2013/11/28,1827,0
2013/11/29,1985,0
2013/12/2,1985,0
2013/12/3,1985,0
2013/12/4,1985,0
2013/12/5,1985,0
2013/12/6,1985,0
2013/12/9,1985,0
2013/12/10,1985,0
2013/12/11,1985,0
2013/12/12,1985,0
2013/12/13,1985,0
2013/12/16,1894,0
2013/12/17,1894,0
2013/12/18,1894,0
2013/12/19,1894,0
2013/12/20,1894,0
2013/12/23,1894,0
2013/12/24,2041,0
2013/12/25,2041,0
2013/12/26,2041,0
2013/12/27,2041,0
2013/12/30,2041,0
2013/12/31,2041,0
2014/1/2,2041,0
2014/1/3,2041,0
2014/1/6,2041,0
2014/1/7,2041,0
2014/1/8,2041,0
2014/1/9,2088,0
2014/1/10,2088,0
2014/1/13,2088,0
2014/1/14,2088,0
2014/1/15,2088,0
2014/1/16,2178,0
2014/1/17,2178,0
2014/1/20,2178,0
2014/1/21,2178,0
2014/1/22,2178,0
2014/1/23,2178,0
2014/1/24,2178,0
2014/1/27,2009,0
2014/2/5,2009,0
2014/2/6,2009,0
2014/2/7,2009,0
2014/2/10,2009,0
2014/2/11,2009,0
2014/2/12,2009,0
2014/2/13,2009,0
2014/2/14,2066,0
2014/2/17,2066,0
2014/2/18,2066,0
2014/2/19,2066,0
2014/2/20,2066,0
2014/2/21,2066,0
2014/2/24,2066,0
2014/2/25,2066,0
2014/2/26,2066,0
2014/2/27,2066,0
2014/3/3,2066,0
2014/3/4,2066,0
2014/3/5,2066,0
2014/3/6,2066,0
2014/3/7,2066,0
2014/3/10,2066,0
2014/3/11,2066,0
2014/3/12,2066,0
2014/3/13,2066,0
2014/3/14,2066,0
2014/3/17,2066,0
2014/3/18,2066,0
2014/3/19,2066,0
2014/3/20,2128,0
2014/3/21,2128,0
2014/3/24,2128,0
2014/3/25,2128,0
2014/3/26,2128,0
2014/3/27,2128,0
2014/3/28,2296,0
2014/3/31,2296,0
2014/4/1,2296,0
2014/4/2,2296,0
2014/4/3,2296,0
2014/4/7,2296,0
2014/4/8,2296,0
2014/4/9,2296,0
2014/4/10,2296,0
2014/4/11,2296,0
2014/4/14,2296,0
2014/4/15,2296,0
2014/4/16,2296,0
2014/4/17,2296,0
2014/4/18,2296,0
2014/4/21,2296,0
2014/4/22,2296,0
2014/4/23,2296,0
2014/4/24,2296,0
2014/4/25,2310,0
2014/4/28,2310,0
2014/4/29,2310,0
2014/4/30,2310,0
2014/5/2,2310,0
2014/5/5,2310,0
2014/5/6,2310,0
2014/5/7,2310,0
2014/5/8,2440,0
2014/5/9,2440,0
2014/5/12,2440,0
2014/5/13,2440,0
2014/5/14,2440,0
2014/5/15,2437,0
2014/5/16,2436,0
2014/5/19,2436,0
2014/5/20,2436,0
2014/5/21,2436,0
2014/5/22,2436,0
2014/5/23,2436,0
2014/5/26,2436,0
2014/5/27,2436,0
2014/5/28,2436,0
2014/5/29,2436,0
2014/5/30,2436,0
2014/6/3,2436,0
2014/6/4,2436,0
2014/6/5,2436,0
2014/6/6,2436,0
2014/6/9,2436,0
2014/6/10,2436,0
2014/6/11,2436,0
2014/6/12,2436,0
2014/6/13,2436,0
2014/6/16,2436,0
2014/6/17,2436,0
2014/6/18,2436,0
2014/6/19,2436,0
2014/6/20,2436,0
2014/6/23,2436,0
2014/6/24,2733,0
2014/6/25,2733,0
2014/6/26,2733,0
2014/6/27,2733,0
2014/6/30,2733,0
2014/7/1,2940,0
2014/7/2,2940,0
2014/7/3,2940,0
2014/7/4,2940,0
2014/7/7,2940,0
2014/7/8,2940,0
2014/7/9,2940,0
2014/7/10,2940,0
2014/7/11,2940,0
2014/7/14,2940,0
2014/7/15,2940,0
2014/7/16,2940,0
2014/7/17,2940,0
2014/7/18,2899,0
2014/7/21,2899,0
2014/7/22,2899,0
2014/7/24,2899,0
2014/7/25,2899,0
2014/7/28,2899,0
2014/7/29,2899,0
2014/7/30,2974,0
2014/7/31,2850,0
2014/8/1,2850,0
2014/8/4,2850,0
2014/8/5,2850,0
2014/8/6,2850,0
2014/8/7,2850,0
2014/8/8,2850,0
2014/8/11,2850,0
2014/8/12,2850,0
2014/8/13,2850,0
2014/8/14,2850,0
2014/8/15,2850,0
2014/8/18,2850,0
2014/8/19,2850,0
2014/8/20,2850,0
2014/8/21,2850,0
2014/8/22,2850,0
2014/8/25,2951,0
2014/8/26,2951,0
2014/8/27,2951,0
2014/8/28,2951,0
2014/8/29,2951,0
2014/9/1,2951,0
2014/9/2,2951,0
2014/9/3,2951,0
2014/9/4,2951,0
2014/9/5,2951,0
2014/9/9,2989,0
2014/9/10,2989,0
2014/9/11,2989,0
2014/9/12,2989,0
2014/9/15,2989,0
2014/9/16,2989,0
2014/9/17,2989,0
2014/9/18,2989,0
2014/9/19,2989,0
2014/9/22,2989,0
2014/9/23,2989,0
2014/9/24,2989,0
2014/9/25,2989,0
2014/9/26,2989,0
2014/9/29,2989,0
2014/9/30,2989,0
2014/10/1,2989,0
2014/10/2,2989,0
2014/10/3,2989,0
2014/10/6,2989,0
2014/10/7,2989,0
2014/10/8,2989,0
2014/10/9,2989,0
2014/10/13,2989,0
2014/10/14,2989,0
2014/10/15,2989,0
2014/10/16,2989,0
2014/10/17,2989,0
2014/10/20,2989,0
2014/10/21,2989,0
2014/10/22,2989,0
2014/10/23,2989,0
2014/10/24,2989,0
2014/10/27,2989,0
2014/10/28,2989,0
2014/10/29,2989,0
2014/10/30,2989,0
2014/10/31,2989,0
2014/11/3,2989,0
2014/11/4,2989,0
2014/11/5,2989,0
2014/11/6,2989,0
2014/11/7,2989,0
2014/11/10,2989,0
2014/11/11,2989,0
2014/11/12,2989,0
2014/11/13,2989,0
2014/11/14,2989,0
2014/11/17,2989,0
2014/11/18,2989,0
2014/11/19,2989,0
2014/11/20,2989,0
2014/11/21,2989,0
2014/11/24,2690,0
2014/11/25,2690,0
2014/11/26,2690,0
2014/11/27,2690,0
2014/11/28,2690,0
2014/12/1,2690,0
2014/12/2,2690,0
2014/12/3,2690,0
2014/12/4,2690,0
2014/12/5,2690,0
2014/12/8,2690,0
2014/12/9,2690,0
2014/12/10,2690,0
2014/12/11,2569,0
2014/12/12,2569,0
2014/12/15,2569,0
2014/12/16,2569,0
2014/12/17,2569,0
2014/12/18,2569,0
2014/12/19,2569,0
2014/12/22,2569,0
2014/12/23,2569,0
2014/12/24,2736,0
2014/12/25,2736,0
2014/12/26,2736,0
2014/12/27,2736,0
2014/12/29,2736,0
2014/12/30,2736,0
2014/12/31,2736,0
2015/1/5,2736,0
2015/1/6,2736,0
2015/1/7,2604,0
2015/1/8,2604,0
2015/1/9,2604,0
2015/1/12,2604,0
2015/1/13,2604,0
2015/1/14,2730,0
2015/1/15,2730,0
2015/1/16,2730,0
2015/1/19,2730,0
2015/1/20,2827,0
2015/1/21,2827,0
2015/1/22,2948,0
2015/1/23,2948,0
2015/1/26,2948,0
2015/1/27,2948,0
2015/1/28,2948,0
2015/1/29,2948,0
2015/1/30,2948,0
2015/2/2,2948,0
2015/2/3,2948,0
2015/2/4,3082,0
2015/2/5,3082,0
2015/2/6,3030,0
2015/2/9,3030,0
2015/2/10,3030,0
2015/2/11,3030,0
2015/2/12,3042,0
2015/2/13,3042,0
2015/2/24,3182,0
2015/2/25,3182,0
2015/2/26,3182,0
2015/3/2,3182,0
2015/3/3,3182,0
2015/3/4,3182,0
2015/3/5,3182,0
2015/3/6,3182,0
2015/3/9,3134,0
2015/3/10,3134,0
2015/3/11,3134,0
2015/3/12,3134,0
2015/3/13,3134,0
2015/3/16,3134,0
2015/3/17,3134,0
2015/3/18,3193,0
2015/3/19,3193,0
2015/3/20,3193,0
2015/3/23,3193,0
2015/3/24,3193,0
2015/3/25,3193,0
2015/3/26,3193,0
2015/3/27,3193,0
2015/3/30,3113,0
2015/3/31,3113,0
2015/4/1,3113,0
2015/4/2,3113,0
2015/4/7,3113,0
2015/4/8,3113,0
2015/4/9,3113,0
2015/4/10,3192,0
2015/4/13,3192,0
2015/4/14,3192,0
2015/4/15,3192,0
2015/4/16,3192,0
2015/4/17,3192,0
2015/4/20,3123,0
2015/4/21,3123,0
2015/4/22,3123,0
2015/4/23,3398,0
2015/4/24,3398,0
2015/4/27,3398,0
2015/4/28,3398,0
2015/4/29,3398,0
2015/4/30,3398,0
2015/5/4,3398,0
2015/5/5,3398,0
2015/5/6,3406,0
2015/5/7,3406,0
2015/5/8,3406,0
2015/5/11,3406,0
2015/5/12,3406,0
2015/5/13,3406,0
2015/5/14,3406,0
2015/5/15,3406,0
2015/5/18,3406,0
2015/5/19,3406,0
2015/5/20,3406,0
2015/5/21,3406,0
2015/5/22,3406,0
2015/5/25,3406,0
2015/5/26,3406,0
2015/5/27,3406,0
2015/5/28,3406,0
2015/5/29,3263,0
2015/6/1,3263,0
2015/6/2,3166,0
2015/6/3,3166,0
2015/6/4,3166,0
2015/6/5,3166,0
2015/6/8,3166,0
2015/6/9,3166,0
2015/6/10,3166,0
2015/6/11,3166,0
2015/6/12,3166,0
2015/6/15,3166,0
2015/6/16,3166,0
2015/6/17,3166,0
2015/6/18,3166,0
2015/6/22,3166,0
2015/6/23,3166,0
2015/6/24,3166,0
2015/6/25,3166,0
2015/6/26,3166,0
2015/6/29,3166,0
2015/6/30,3166,0
2015/7/1,3166,0
2015/7/2,3166,0
2015/7/3,3166,0
2015/7/6,3166,0
2015/7/7,3166,0
2015/7/8,3166,0
2015/7/9,3166,0
2015/7/13,3166,0
2015/7/14,3166,0
2015/7/15,3166,0
2015/7/16,3166,0
2015/7/17,3166,0
2015/7/20,3166,0
2015/7/21,3166,0
2015/7/22,3166,0
2015/7/23,3166,0
2015/7/24,3166,0
2015/7/27,3166,0
2015/7/28,3166,0
2015/7/29,3166,0
2015/7/30,3166,0
2015/7/31,3166,0
2015/8/3,3166,0
2015/8/4,3166,0
2015/8/5,3166,0
2015/8/6,3166,0
2015/8/7,3166,0
2015/8/10,3166,0
2015/8/11,3166,0
2015/8/12,3166,0
2015/8/13,3166,0
2015/8/14,3166,0
2015/8/17,3166,0
2015/8/18,3166,0
2015/8/19,3166,0
2015/8/20,3166,0
2015/8/21,3166,0
2015/8/24,3166,0
2015/8/25,3166,0
2015/8/26,3166,0
2015/8/27,3166,0
2015/8/28,3166,0
2015/8/31,3166,0
2015/9/1,3166,0
2015/9/2,3166,0
2015/9/3,3166,0
2015/9/4,3166,0
2015/9/7,3166,0
2015/9/8,3166,0
2015/9/9,3166,0
2015/9/10,3166,0
2015/9/11,3166,0
2015/9/14,3166,0
2015/9/15,3166,0
2015/9/16,3166,0
2015/9/17,3166,0
2015/9/18,3166,0
2015/9/21,3166,0
2015/9/22,3166,0
2015/9/23,3166,0
2015/9/24,3166,0
2015/9/25,3166,0
2015/9/30,3166,0
2015/10/1,3166,0
2015/10/2,3166,0
2015/10/5,3166,0
2015/10/6,3166,0
2015/10/7,2051,0
2015/10/8,2051,0
2015/10/12,2051,0
2015/10/13,2051,0
2015/10/14,2051,0
2015/10/15,2051,0
2015/10/16,2051,0
2015/10/19,2051,0
2015/10/20,2051,0
2015/10/21,2051,0
2015/10/22,2051,0
2015/10/23,2051,0
2015/10/26,2051,0
2015/10/27,2051,0
2015/10/28,2051,0
2015/10/29,2051,0
2015/10/30,2130,0
2015/11/2,2130,0
2015/11/3,2130,0
2015/11/4,2130,0
2015/11/5,2432,0
2015/11/6,2432,0
2015/11/9,2432,0
2015/11/10,2432,0
2015/11/11,1938,0
2015/11/12,1938,0
2015/11/13,1938,0
2015/11/16,1938,0
2015/11/17,1938,0
2015/11/18,1938,0
2015/11/19,1938,0
2015/11/20,1938,0
2015/11/23,2041,0
2015/11/24,2041,0
2015/11/25,2041,0
2015/11/26,2041,0
2015/11/27,2041,0
2015/11/30,1857,0
2015/12/1,1857,0
2015/12/2,1857,0
2015/12/3,1857,0
2015/12/4,1857,0
2015/12/7,1857,0
2015/12/8,1857,0
2015/12/9,1857,0
2015/12/10,1857,0
2015/12/11,1857,0
2015/12/14,1857,0
2015/12/15,1857,0
2015/12/16,1857,0
2015/12/17,1857,0
2015/12/18,1857,0
2015/12/21,1857,0
2015/12/22,1857,0
2015/12/23,1857,0
2015/12/24,1857,0
2015/12/25,1857,0
2015/12/28,1857,0
2015/12/29,1857,0
2015/12/30,1857,0
2015/12/31,1857,0
2016/1/4,1857,0
2016/1/5,1857,0
2016/1/6,1857,0
2016/1/7,1857,0
2016/1/8,1857,0
2016/1/11,1857,0
2016/1/12,1857,0
2016/1/13,1857,0
2016/1/14,1857,0
2016/1/15,1857,0
2016/1/18,1857,0
2016/1/19,1857,0
2016/1/20,1857,0
2016/1/21,1857,0
2016/1/22,1857,0
2016/1/25,1857,0
2016/1/26,1857,0
2016/1/27,1857,0
2016/1/28,1857,0
2016/1/29,1857,0
2016/1/30,1857,0
2016/2/1,1857,0
2016/2/2,1857,0
2016/2/3,1857,0
2016/2/15,1857,0
2016/2/16,1857,0
2016/2/17,1857,0
2016/2/18,1845,0
2016/2/19,1845,0
2016/2/22,1845,0
2016/2/23,1845,0
2016/2/24,1845,0
2016/2/25,1845,0
2016/2/26,1845,0
2016/3/1,1845,0
2016/3/2,1845,0
2016/3/3,1845,0
2016/3/4,1845,0
2016/3/7,1845,0
2016/3/8,1845,0
2016/3/9,1845,0
2016/3/10,1845,0
2016/3/11,1845,0
2016/3/14,1845,0
2016/3/15,1845,0
2016/3/16,1845,0
2016/3/17,1845,0
2016/3/18,1845,0
2016/3/21,1845,0
2016/3/22,1845,0
2016/3/23,1845,0
2016/3/24,1845,0
2016/3/25,1845,0
2016/3/28,1845,0
2016/3/29,2161,0
2016/3/30,2161,0
2016/3/31,2161,0
2016/4/1,2161,0
2016/4/6,2161,0
2016/4/7,2161,0
2016/4/8,2161,0
2016/4/11,2161,0
2016/4/12,2161,0
2016/4/13,2161,0
2016/4/14,2161,0
2016/4/15,2277,0
2016/4/18,2277,0
2016/4/19,2277,0
2016/4/20,2277,0
2016/4/21,2277,0
2016/4/22,2060,0
2016/4/25,2060,0
2016/4/26,2060,0
2016/4/27,2060,0
2016/4/28,2060,0
2016/4/29,2060,0
2016/5/3,2060,0
2016/5/4,2060,0
2016/5/5,2060,0
2016/5/6,2060,0
2016/5/9,2060,0
2016/5/10,2060,0
2016/5/11,2060,0
2016/5/12,2060,0
2016/5/13,2060,0
2016/5/16,2060,0
2016/5/17,2060,0
2016/5/18,2060,0
2016/5/19,2060,0
2016/5/20,2060,0
2016/5/23,2060,0
2016/5/24,2060,0
2016/5/25,2060,0
2016/5/26,2060,0
2016/5/27,2060,0
2016/5/30,2060,0
2016/5/31,2060,0
2016/6/1,2124,0
2016/6/2,2124,0
2016/6/3,2124,0
2016/6/4,2124,0
2016/6/6,2124,0
2016/6/7,2124,0
2016/6/8,2124,0
2016/6/13,2124,0
2016/6/14,2124,0
2016/6/15,2124,0
2016/6/16,1841,0
2016/6/17,1841,0
2016/6/20,1841,0
2016/6/21,1841,0
2016/6/22,1841,0
2016/6/23,1841,0
2016/6/24,1841,0
2016/6/27,1841,0
2016/6/28,1841,0
2016/6/29,1841,0
2016/6/30,1841,0
2016/7/1,2183,0
2016/7/4,2183,0
2016/7/5,2183,0
2016/7/6,2183,0
2016/7/7,2183,0
2016/7/11,2183,0
2016/7/12,2183,0
2016/7/13,2183,0
2016/7/14,2183,0
2016/7/15,2183,0
2016/7/18,2183,0
2016/7/19,2183,0
2016/7/20,2183,0
2016/7/21,2183,0
2016/7/22,2183,0
2016/7/25,2183,0
2016/7/26,2183,0
2016/7/27,2539,0
2016/7/28,2539,0
2016/7/29,2539,0
2016/8/1,2600,0
2016/8/2,2600,0
2016/8/3,2600,0
2016/8/4,2600,0
2016/8/5,2600,0
2016/8/8,2600,0
2016/8/9,2600,0
2016/8/10,2600,0
2016/8/11,2600,0
2016/8/12,2600,0
2016/8/15,2600,0
2016/8/16,2600,0
2016/8/17,2600,0
2016/8/18,2601,0
2016/8/19,2601,0
2016/8/22,2601,0
2016/8/23,2601,0
2016/8/24,2601,0
2016/8/25,2601,0
2016/8/26,2601,0
2016/8/29,2602,0
2016/8/30,2602,0
2016/8/31,2602,0
2016/9/1,2602,0
2016/9/2,2492,0
2016/9/5,2492,0
2016/9/6,2492,0
2016/9/7,2813,0
2016/9/8,2813,0
2016/9/9,2813,0
2016/9/10,2813,0
2016/9/12,2813,0
2016/9/13,2465,0
2016/9/14,2465,0
2016/9/19,2465,0
2016/9/20,2465,0
2016/9/21,2465,0
2016/9/22,2747,0
2016/9/23,2747,0
2016/9/26,2747,0
2016/9/29,2747,0
2016/9/30,2747,0
2016/10/3,2747,0
2016/10/4,2747,0
2016/10/5,2747,0
2016/10/6,2747,0
2016/10/7,2747,0
2016/10/11,2747,0
2016/10/12,2747,0
2016/10/13,2747,0
2016/10/14,2727,0
2016/10/17,2727,0
2016/10/18,2727,0
2016/10/19,2727,0
2016/10/20,2727,0
2016/10/21,2824,0
2016/10/24,2824,0
2016/10/25,2824,0
2016/10/26,2824,0
2016/10/27,2824,0
2016/10/28,2824,0
2016/10/31,2824,0
2016/11/1,2838,0
2016/11/2,2838,0
2016/11/3,2838,0
2016/11/4,2838,0
2016/11/7,2838,0
2016/11/8,2838,0
2016/11/9,2838,0
2016/11/10,2838,0
2016/11/11,2838,0
2016/11/14,2838,0
2016/11/15,2838,0
2016/11/16,2838,0
2016/11/17,2838,0
2016/11/18,2838,0
2016/11/21,2838,0
2016/11/22,2838,0
2016/11/23,2838,0
2016/11/24,2838,0
2016/11/25,2838,0
2016/11/28,2783,0
2016/11/29,2783,0
2016/11/30,2783,0
2016/12/1,2783,0
2016/12/2,2783,0
2016/12/5,2783,0
2016/12/6,2783,0
2016/12/7,2783,0
2016/12/8,2783,0
2016/12/9,2783,0
2016/12/12,2783,0
2016/12/13,2783,0
2016/12/14,2783,0
2016/12/15,2783,0
2016/12/16,2783,0
2016/12/19,2783,0
2016/12/20,2820,0
2016/12/21,2820,0
2016/12/22,2820,0
2016/12/23,2820,0
2016/12/26,2820,0
2016/12/27,2820,0
2016/12/28,2820,0
2016/12/29,2820,0
2016/12/30,2820,0
2017/1/3,2840,0
2017/1/4,2840,0
2017/1/5,2840,0
2017/1/6,2840,0
2017/1/9,2840,0
2017/1/10,2840,0
2017/1/11,2840,0
2017/1/12,2840,0
2017/1/13,2840,0
2017/1/16,2840,0
2017/1/17,2840,0
2017/1/18,2840,0
2017/1/19,2864,0
2017/1/20,2864,0
2017/1/23,2864,0
2017/1/24,3002,0
2017/2/2,3002,0
2017/2/3,3002,0
2017/2/6,3002,0
2017/2/7,3002,0
2017/2/8,3002,0
2017/2/9,3002,0
2017/2/10,3002,0
2017/2/13,3002,0
2017/2/14,3002,0
2017/2/15,3002,0
2017/2/16,3002,0
2017/2/17,3002,0
2017/2/18,3002,0
2017/2/20,3002,0
2017/2/21,3002,0
2017/2/22,3002,0
2017/2/23,3002,0
2017/2/24,3002,0
2017/3/1,3243,0
2017/3/2,3243,0
2017/3/3,3243,0
2017/3/6,3243,0
2017/3/7,3243,0
2017/3/8,3243,0
2017/3/9,3243,0
2017/3/10,3243,0
2017/3/13,3243,0
2017/3/14,3308,0
2017/3/15,3293,0
2017/3/16,3400,0
2017/3/17,3400,0
2017/3/20,3400,0
2017/3/21,3400,0
2017/3/22,3400,0
2017/3/23,3400,0
2017/3/24,3400,0
2017/3/27,3400,0
2017/3/28,3400,0
2017/3/29,3420,0
2017/3/30,3420,0
2017/3/31,3420,0
2017/4/5,3420,0
2017/4/6,3420,0
2017/4/7,3420,0
2017/4/10,3435,0
2017/4/11,3435,0
2017/4/12,3374,0
2017/4/13,3374,0
2017/4/14,3374,0
2017/4/17,3374,0
2017/4/18,3374,0
2017/4/19,3374,0
2017/4/20,3374,0
2017/4/21,3374,0
2017/4/24,3374,0
2017/4/25,3374,0
2017/4/26,3402,0
2017/4/27,3402,0
2017/4/28,3402,0
2017/5/2,3402,0
2017/5/3,3402,0
2017/5/4,3402,0
2017/5/5,3402,0
2017/5/8,3402,0
2017/5/9,3402,0
2017/5/10,3402,0
2017/5/11,3402,0
2017/5/12,3402,0
2017/5/15,3402,0
2017/5/16,3402,0
2017/5/17,3402,0
2017/5/18,3402,0
2017/5/19,3402,0
2017/5/22,3402,0
2017/5/23,3554,0
2017/5/24,3554,0
2017/5/25,3667,0
2017/5/26,3667,0
2017/5/31,3667,0
2017/6/1,3667,0
2017/6/2,3667,0
2017/6/3,3667,0
2017/6/5,3667,0
2017/6/6,3667,0
2017/6/7,3667,0
2017/6/8,3667,0
2017/6/9,3667,0
2017/6/12,3667,0
2017/6/13,3667,0
2017/6/14,3622,0
2017/6/15,3622,0
2017/6/16,3622,0
