date,Open,High,Low,Close,BBandMA2,RSI6,RSI12,ADX2,three_openposition,openposition
2011/1/3,9000,9030,8995,9020,9003.5,0.88,0.80,86.63,-530,11371
2011/1/4,9030,9030,8974,8976,8998,0.70,0.72,57.84,-2363,10957
2011/1/5,8967,9005,8791,8839,8907.5,0.39,0.53,69.7,-5802,8923
2011/1/6,8859,8876,8815,8868,8853.5,0.45,0.56,75.64,-6051,8714
2011/1/7,8866,8883,8727,8753,8810.5,0.31,0.45,84.34,-6195,5327
2011/1/10,8753,8799,8735,8787,8770,0.38,0.48,88.69,-4916,3683
2011/1/11,8779,8950,8760,8940,8863.5,0.60,0.60,76.04,2271,9369
2011/1/12,8960,9003,8945,8965,8952.5,0.63,0.61,76.35,444,11726
2011/1/13,8998,9017,8916,8969,8967,0.63,0.62,51.41,121,11939
2011/1/14,8965,8981,8931,8969,8969,0.63,0.62,38.95,-789,11424
2011/1/17,8993,9002,8914,8920,8944.5,0.52,0.56,49.31,-3632,10841
2011/1/18,8920,9012,8871,8973,8946.5,0.61,0.60,46.63,505,15016
2011/1/19,8988,9085,8984,9083,9028,0.73,0.67,50.85,26,5715
2011/1/20,9018,9032,8996,9007,9045,0.58,0.59,52.95,-2896,5798
2011/1/21,8970,8975,8858,8906,8956.5,0.43,0.51,63.97,-6674,4461
2011/1/24,8923,8956,8910,8944,8925,0.49,0.54,69.48,-5584,4941
2011/1/25,8994,9029,8965,8967,8955.5,0.53,0.55,53.21,-5531,6079
2011/1/26,8970,9073,8970,9051,9009,0.64,0.61,58.8,-1189,7323
2011/1/27,9086,9126,9068,9103,9077,0.69,0.64,70.71,-64,9436
2011/1/28,9112,9140,9094,9136,9119.5,0.72,0.66,78.51,-1433,9794
2011/2/8,9186,9196,9062,9099,9117.5,0.64,0.62,86.73,-4987,10897
2011/2/9,9071,9109,8975,9012,9055.5,0.48,0.54,60.41,-8941,11441
2011/2/10,8971,8983,8817,8823,8917.5,0.29,0.41,70.52,-17263,8434
2011/2/11,8818,8827,8523,8564,8693.5,0.17,0.30,82.59,-11960,7268
2011/2/14,8625,8693,8601,8645,8604.5,0.28,0.36,88.63,-10786,4879
2011/2/15,8625,8733,8531,8697,8671,0.35,0.39,92.74,-8520,2959
2011/2/16,8718,8757,8695,8719,8708,0.37,0.41,73.26,-9505,2201
2011/2/17,8651,8675,8589,8625,8672,0.31,0.37,78.75,-5418,2033
2011/2/18,8678,8845,8675,8809,8717,0.51,0.48,59.79,-4629,3231
2011/2/21,8814,8815,8732,8809,8809,0.51,0.48,50.31,-4931,2348
2011/2/22,8713,8722,8562,8620,8714.5,0.36,0.39,56.2,-5102,-299
2011/2/23,8588,8637,8480,8521,8570.5,0.30,0.36,66.99,-4432,1241
2011/2/24,8502,8610,8502,8531,8526,0.31,0.36,72.38,-3490,943
2011/2/25,8560,8630,8433,8615,8573,0.42,0.42,81.54,-116,5440
2011/3/1,8695,8710,8634,8690,8652.5,0.51,0.46,50.18,566,4396
2011/3/2,8610,8674,8582,8601,8645.5,0.42,0.42,41.08,688,1288
2011/3/3,8660,8755,8630,8739,8670,0.56,0.50,42.24,4122,3709
2011/3/4,8796,8800,8753,8761,8750,0.58,0.51,53.81,4037,2375
2011/3/7,8743,8762,8677,8721,8741,0.53,0.49,41.13,2919,2124
2011/3/8,8704,8758,8701,8740,8730.5,0.55,0.50,34.79,1936,2242
2011/3/9,8793,8798,8698,8758,8749,0.58,0.51,38.13,4156,1982
2011/3/10,8763,8763,8608,8623,8690.5,0.39,0.43,48.56,-3698,-969
2011/3/11,8550,8574,8480,8559,8591,0.33,0.40,67.49,-3129,-2067
2011/3/14,8531,8568,8366,8504,8531.5,0.29,0.38,80.65,-1389,-2141
2011/3/15,8531,8532,8026,8257,8380.5,0.17,0.29,89.59,-565,-13792
2011/3/16,8410,8411,8264,8305,8281,0.24,0.32,94.07,-966,-6471
2011/3/17,8151,8274,8129,8257,8281,0.22,0.30,96.7,-46,-6559
2011/3/18,8292,8345,8270,8321,8289,0.32,0.35,61.56,417,-5520
2011/3/21,8359,8445,8328,8391,8356,0.42,0.40,49.65,3959,-3978
2011/3/22,8431,8479,8414,8417,8404,0.46,0.42,51.68,6865,-3788
2011/3/23,8400,8510,8393,8451,8434,0.51,0.44,60.07,7483,-6005
2011/3/24,8502,8548,8480,8527,8489,0.60,0.49,71.18,8571,-6121
2011/3/25,8588,8626,8548,8577,8552,0.66,0.52,82.43,13352,-5060
2011/3/28,8585,8585,8495,8520,8548.5,0.56,0.48,42.9,10812,-6930
2011/3/29,8507,8575,8474,8573,8546.5,0.62,0.52,33.71,11153,-6533
2011/3/30,8607,8650,8582,8592,8582.5,0.64,0.53,45.59,12384,-6264
2011/3/31,8604,8645,8557,8640,8616,0.70,0.56,27.51,13380,-6014
2011/4/1,8640,8689,8630,8684,8662,0.74,0.59,41.92,14828,-5412
2011/4/6,8743,8863,8727,8839,8761.5,0.84,0.67,66.67,18976,-1448
2011/4/7,8864,8901,8823,8896,8867.5,0.86,0.69,80.16,18434,-1831
2011/4/8,8939,8939,8850,8868,8882,0.79,0.66,87.99,13562,-2939
2011/4/11,8868,8882,8820,8859,8863.5,0.77,0.66,57.58,15771,-2045
2011/4/12,8820,8822,8703,8706,8782.5,0.48,0.53,61.77,10780,-5321
2011/4/13,8728,8810,8696,8807,8756.5,0.60,0.59,65.23,11706,-4352
2011/4/14,8780,8852,8750,8796,8801.5,0.58,0.58,39.73,8807,-3410
2011/4/15,8786,8820,8680,8705,8750.5,0.45,0.51,48.22,7254,-5665
2011/4/18,8692,8760,8674,8708,8706.5,0.46,0.52,54.55,7992,-7720
2011/4/19,8657,8671,8585,8627,8667.5,0.36,0.46,72.2,3054,-7102
2011/4/20,8701,8800,8695,8792,8709.5,0.58,0.56,55.93,8289,-2740
2011/4/21,8882,9004,8879,8989,8890.5,0.72,0.65,68.41,8621,-1477
2011/4/22,8989,9008,8973,8991,8990,0.72,0.65,74.9,6808,201
2011/4/25,9003,9050,8942,8974,8982.5,0.69,0.64,81.44,5098,-417
2011/4/26,8914,8982,8870,8968,8971,0.68,0.63,48.26,5656,-277
2011/4/27,9051,9078,9032,9059,9013.5,0.76,0.68,50.76,5662,426
2011/4/28,9098,9099,9005,9014,9036.5,0.67,0.64,32.82,5280,122
2011/4/29,9014,9049,8930,9024,9019,0.68,0.64,42.39,4665,502
2011/5/3,9036,9069,8896,8933,8978.5,0.50,0.56,55.47,1881,36
2011/5/4,8908,8959,8860,8936,8934.5,0.51,0.57,68.65,2010,454
2011/5/5,8903,9058,8885,9050,8993,0.66,0.63,56.97,5337,2439
2011/5/6,8971,9022,8956,9014,9032,0.59,0.60,51.12,4036,1643
2011/5/9,9001,9111,9001,9063,9038.5,0.65,0.63,67.78,3283,1279
2011/5/10,9063,9071,9026,9045,9054,0.61,0.61,76.1,1719,1503
2011/5/11,9109,9116,9013,9020,9032.5,0.56,0.59,84.87,-834,585
2011/5/12,8960,9068,8942,9028,9024,0.57,0.59,58.65,2007,1982
2011/5/13,9017,9063,9000,9029,9028.5,0.57,0.59,45.54,1405,2212
2011/5/16,8995,9026,8914,8926,8977.5,0.35,0.49,64.64,-3842,-510
2011/5/17,8900,8936,8847,8911,8918.5,0.33,0.48,78.6,-7422,-2379
2011/5/18,8915,8948,8896,8934,8922.5,0.40,0.50,69.92,-6567,352
2011/5/19,8960,9043,8838,8841,8887.5,0.27,0.42,62.4,-6570,-895
2011/5/20,8900,8915,8806,8817,8829,0.24,0.41,33.34,-5213,-2205
2011/5/23,8747,8771,8668,8734,8775.5,0.17,0.35,53.01,-5800,-2421
2011/5/24,8723,8767,8660,8763,8748.5,0.26,0.38,63.93,-7063,-1223
2011/5/25,8745,8746,8650,8679,8721,0.19,0.33,71.45,-6448,-2486
2011/5/26,8764,8796,8719,8785,8732,0.42,0.44,51.91,-5278,-1293
2011/5/27,8773,8855,8768,8780,8782.5,0.42,0.43,62.25,-2823,-1282
2011/5/30,8760,8827,8708,8816,8798,0.49,0.47,42.07,-849,-2143
2011/5/31,8857,9034,8856,9018,8917,0.72,0.61,58.28,6506,869
2011/6/1,9023,9106,9008,9086,9052,0.76,0.64,70.91,8993,2050
2011/6/2,8980,9057,8976,9028,9057,0.66,0.59,55.22,7980,1246
2011/6/3,9048,9078,8998,9070,9049,0.69,0.62,54.61,7397,3186
2011/6/7,9032,9095,8973,9089,9079.5,0.71,0.63,28.26,6457,3659
2011/6/8,9076,9087,9002,9030,9059.5,0.59,0.57,15.08,2910,1017
2011/6/9,9011,9050,8994,9029,9029.5,0.59,0.57,24.05,974,-589
2011/6/10,9068,9069,8811,8829,8929,0.32,0.43,59.87,-4451,-1560
2011/6/13,8780,8805,8683,8743,8786,0.26,0.38,79,-3514,-2571
2011/6/14,8743,8848,8734,8845,8794,0.42,0.46,61.24,-3039,-2686
2011/6/15,8846,8877,8730,8839,8842,0.41,0.45,32.91,-9124,-1503
2011/6/16,8559,8559,8481,8494,8666.5,0.20,0.31,58.02,-10796,-3612
2011/6/17,8492,8543,8436,8462,8478,0.19,0.30,72.51,-11818,-4112
2011/6/20,8501,8525,8365,8399,8430.5,0.17,0.28,82.48,-10028,-4453
2011/6/21,8470,8485,8400,8465,8432,0.27,0.33,87.47,-13478,-4435
2011/6/22,8518,8524,8416,8442,8453.5,0.26,0.32,43.79,-12677,-3943
2011/6/23,8424,8475,8389,8397,8419.5,0.23,0.30,41.89,-15507,-4502
2011/6/24,8420,8432,8365,8410,8403.5,0.26,0.31,53.39,-20762,-4056
2011/6/27,8310,8373,8260,8335,8372.5,0.21,0.28,72.91,-20408,-3770
2011/6/28,8385,8396,8304,8310,8322.5,0.20,0.28,58.06,-19754,-4867
2011/6/29,8377,8486,8353,8470,8390,0.48,0.41,55.17,-15139,-2246
2011/6/30,8475,8528,8456,8505,8487.5,0.52,0.43,62.88,-13462,-2277
2011/7/1,8560,8615,8543,8572,8538.5,0.60,0.48,75.76,-9013,-368
2011/7/4,8631,8657,8598,8601,8586.5,0.63,0.50,84.31,-5696,229
2011/7/5,8611,8631,8585,8629,8615,0.66,0.52,70.53,-1449,2323
2011/7/6,8628,8713,8623,8690,8659.5,0.72,0.55,78.84,3204,3208
2011/7/7,8690,8712,8665,8689,8689.5,0.72,0.55,82.99,1000,2890
2011/7/8,8696,8768,8635,8643,8666,0.60,0.52,89.29,1180,2557
2011/7/11,8603,8630,8573,8600,8621.5,0.51,0.48,54.82,-778,751
2011/7/12,8511,8538,8412,8422,8511,0.29,0.37,67.65,-7574,-573
2011/7/13,8431,8483,8410,8463,8442.5,0.37,0.41,74.24,-7156,181
2011/7/14,8448,8506,8360,8481,8472,0.40,0.42,82.13,-8146,89
2011/7/15,8472,8570,8451,8563,8522,0.54,0.49,48.4,-6826,1907
2011/7/18,8507,8590,8469,8486,8524.5,0.43,0.44,42.47,-9112,-370
2011/7/19,8500,8546,8487,8532,8509,0.50,0.47,39.5,-7947,-731
2011/7/20,8620,8708,8611,8697,8614.5,0.68,0.58,66.34,-3460,1295
2011/7/21,8637,8654,8615,8651,8674,0.60,0.54,79.76,-3323,2072
2011/7/22,8703,8740,8682,8694,8672.5,0.65,0.57,88.7,-1467,2873
2011/7/25,8650,8689,8586,8605,8649.5,0.51,0.51,54.2,-4902,2025
2011/7/26,8636,8744,8628,8734,8669.5,0.64,0.58,41.48,-1584,2520
2011/7/27,8714,8772,8707,8761,8747.5,0.66,0.59,45.52,169,2920
2011/7/28,8695,8735,8660,8726,8743.5,0.61,0.57,34.99,-1429,3113
2011/7/29,8698,8726,8592,8610,8668,0.45,0.49,51.97,-7342,593
2011/8/1,8713,8728,8655,8682,8646,0.54,0.53,57.63,-11066,923
2011/8/2,8600,8607,8535,8573,8627.5,0.41,0.47,75.16,-13867,-940
2011/8/3,8420,8455,8367,8436,8504.5,0.31,0.40,86.45,-14753,328
2011/8/4,8430,8488,8278,8289,8362.5,0.23,0.34,92.57,-21376,309
2011/8/5,7820,7988,7736,7765,8027,0.11,0.22,96.18,-13785,-1651
2011/8/8,7742,7769,7260,7556,7660.5,0.09,0.19,98.05,-11339,-14537
2011/8/9,7230,7607,7091,7535,7545.5,0.09,0.19,98.99,-10744,-12811
2011/8/10,7597,7698,7581,7667,7601,0.22,0.26,75.23,-9001,-13452
2011/8/11,7554,7748,7461,7699,7683,0.26,0.28,72.82,-7254,-12465
2011/8/12,7740,7794,7564,7592,7645.5,0.22,0.26,52,-3072,-12761
2011/8/15,7723,7831,7712,7822,7707,0.43,0.37,28.13,1485,-9446
2011/8/16,7858,7877,7735,7772,7797,0.40,0.36,35.44,45,-12020
2011/8/17,7758,7824,7718,7754,7763,0.39,0.35,22.74,-3880,-3603
2011/8/18,7580,7584,7447,7498,7626,0.27,0.29,54.74,559,-4042
2011/8/19,7298,7355,7191,7197,7347.5,0.18,0.24,74.88,1387,-7963
2011/8/22,7197,7433,7160,7251,7224,0.23,0.26,58.08,-284,-9627
2011/8/23,7301,7543,7297,7504,7377.5,0.43,0.38,39.3,-2852,-6519
2011/8/24,7530,7550,7340,7422,7463,0.39,0.36,32,-2168,-5347
2011/8/25,7543,7559,7346,7360,7391,0.36,0.34,32.85,-3077,-6054
2011/8/26,7399,7491,7354,7444,7402,0.43,0.38,33.27,-1712,-7035
2011/8/29,7470,7610,7440,7529,7486.5,0.50,0.42,62.1,-3864,-4932
2011/8/30,7600,7632,7548,7601,7565,0.56,0.45,77.62,1930,-3509
2011/8/31,7617,7714,7556,7707,7654,0.63,0.49,87.58,3853,-3260
2011/9/1,7750,7849,7681,7699,7703,0.62,0.48,93.4,5313,-4420
2011/9/2,7725,7745,7651,7713,7706,0.63,0.49,73.21,3541,-4776
2011/9/5,7550,7560,7467,7477,7595,0.40,0.40,66.7,5077,-5324
2011/9/6,7404,7488,7313,7336,7406.5,0.31,0.36,74.46,3723,-7028
2011/9/7,7460,7538,7412,7535,7435.5,0.49,0.45,54.26,4454,-2866
2011/9/8,7565,7598,7477,7547,7541,0.50,0.45,36.12,5117,-3044
2011/9/9,7553,7654,7510,7602,7574.5,0.55,0.48,44.28,6992,-2561
2011/9/13,7502,7538,7335,7369,7485.5,0.37,0.40,51.12,4382,-4365
2011/9/14,7398,7462,7160,7193,7281,0.29,0.35,66.97,5431,-6783
2011/9/15,7360,7450,7324,7405,7299,0.46,0.44,74.9,7836,-3366
2011/9/16,7514,7628,7507,7608,7506.5,0.58,0.51,60.62,11652,-768
2011/9/19,7580,7583,7455,7477,7542.5,0.50,0.47,32.1,6705,-4376
2011/9/20,7444,7566,7369,7486,7481.5,0.50,0.47,39.71,6429,-3913
2011/9/21,7508,7591,7453,7537,7511.5,0.54,0.49,27.15,4779,-2104
2011/9/22,7362,7370,7250,7275,7406,0.37,0.41,54.31,2794,-3260
2011/9/23,7037,7104,6972,7048,7161.5,0.28,0.35,74.21,-752,-3390
2011/9/26,7036,7048,6855,6882,6965,0.23,0.32,85.23,1292,-3514
2011/9/27,7038,7135,7030,7129,7005.5,0.41,0.41,56.24,5236,-2488
2011/9/28,7187,7196,7067,7102,7115.5,0.40,0.41,35.51,4652,-2563
2011/9/29,7041,7208,7023,7181,7141.5,0.46,0.43,28.88,6952,-2244
2011/9/30,7182,7230,7131,7181,7181,0.46,0.43,18.23,7043,-2842
2011/10/3,7029,7085,6959,7017,7099,0.36,0.39,47.94,9583,-2813
2011/10/4,6871,7098,6871,7090,7053.5,0.43,0.42,67.8,10644,-2208
2011/10/5,7058,7087,6973,6988,7039,0.36,0.39,77.73,2744,-3719
2011/10/6,7115,7190,7100,7122,7055,0.48,0.44,58.56,6818,-2310
2011/10/7,7250,7260,7183,7192,7157,0.54,0.47,63.5,6767,-1244
2011/10/11,7353,7408,7336,7406,7299,0.67,0.55,76.53,9139,618
2011/10/12,7370,7424,7340,7389,7397.5,0.65,0.54,83.71,7300,1605
2011/10/13,7454,7460,7375,7393,7391,0.66,0.54,88.95,3875,1262
2011/10/14,7400,7401,7353,7374,7383.5,0.63,0.53,61.75,3043,-475
2011/10/17,7470,7495,7408,7454,7414,0.69,0.57,71.85,2177,-275
2011/10/18,7361,7389,7313,7340,7397,0.54,0.51,49,1768,-657
2011/10/19,7342,7382,7320,7330,7335,0.52,0.51,37.57,3302,-1526
2011/10/20,7356,7358,7213,7216,7273,0.40,0.46,58.74,-1897,-3306
2011/10/21,7227,7272,7193,7260,7238,0.46,0.48,71.48,-1726,-3565
2011/10/24,7394,7503,7381,7492,7376,0.67,0.58,70.24,4032,-1836
2011/10/25,7499,7519,7463,7471,7481.5,0.64,0.57,71.22,3365,-1174
2011/10/26,7425,7573,7408,7545,7508,0.69,0.60,35.95,4747,-936
2011/10/27,7549,7603,7502,7591,7568,0.72,0.61,33.8,5662,505
2011/10/28,7725,7777,7611,7628,7609.5,0.75,0.63,59.5,5019,-716
2011/10/31,7649,7682,7546,7562,7595,0.63,0.59,38.16,3815,-2190
2011/11/1,7570,7685,7522,7638,7600,0.70,0.62,23.18,7164,-1772
2011/11/2,7488,7634,7451,7604,7621,0.64,0.59,41.35,3325,-2079
2011/11/3,7565,7580,7438,7446,7525,0.43,0.50,53.87,-3332,-4089
2011/11/4,7605,7665,7573,7628,7537,0.61,0.58,51.12,-679,-2126
2011/11/7,7617,7655,7591,7635,7631.5,0.61,0.59,49.74,877,-1226
2011/11/8,7631,7709,7579,7589,7612,0.55,0.56,65.49,-631,-2843
2011/11/9,7655,7672,7576,7612,7600.5,0.58,0.57,67.37,481,-3381
2011/11/10,7430,7454,7275,7317,7464.5,0.31,0.42,77.75,-7753,-5419
2011/11/11,7317,7384,7288,7356,7336.5,0.35,0.44,82.94,-7491,-4754
2011/11/14,7493,7563,7488,7542,7449,0.54,0.53,62.18,-2788,-3333
2011/11/15,7528,7549,7481,7501,7521.5,0.50,0.51,48.19,-4475,-6267
2011/11/16,7534,7562,7384,7398,7449.5,0.41,0.47,46.33,-6038,-1829
2011/11/17,7333,7409,7283,7401,7399.5,0.42,0.47,60.66,-4921,-1303
2011/11/18,7278,7330,7234,7246,7323.5,0.30,0.40,72.18,-10929,-1229
2011/11/21,7186,7188,7016,7051,7148.5,0.22,0.34,84.1,-13731,-757
2011/11/22,7050,7102,6970,7021,7036,0.20,0.33,90.54,-16894,-1492
2011/11/23,6970,6987,6798,6823,6922,0.15,0.28,94.73,-17893,-748
2011/11/24,6828,6903,6765,6831,6827,0.16,0.28,96.93,-21757,-170
2011/11/25,6870,6956,6725,6754,6792.5,0.14,0.26,59.31,-19408,-117
2011/11/28,6909,6925,6850,6916,6835,0.36,0.36,40.5,-16319,161
2011/11/29,6965,6996,6912,6973,6944.5,0.42,0.39,50.52,-15964,792
2011/11/30,6943,6957,6826,6902,6937.5,0.37,0.37,44.82,-11917,-640
2011/12/1,7194,7251,7140,7210,7056,0.62,0.51,59.15,-10334,2708
2011/12/2,7202,7214,7116,7156,7183,0.57,0.49,56.19,-13412,2806
2011/12/5,7165,7168,7052,7131,7143.5,0.55,0.48,30.87,-14991,2699
2011/12/6,7086,7090,6953,6982,7056.5,0.42,0.42,43.84,-13755,514
2011/12/7,7012,7063,7005,7050,7016,0.49,0.46,50.33,-12266,686
2011/12/8,7015,7027,6907,6963,7006.5,0.42,0.42,68.31,-12978,1106
2011/12/9,6801,6933,6790,6887,6925,0.36,0.40,81.55,-10334,819
2011/12/12,6975,7016,6932,6941,6914,0.43,0.43,42.6,-10093,861
2011/12/13,6855,6930,6837,6894,6917.5,0.39,0.41,48.04,-8187,669
2011/12/14,6883,6925,6857,6921,6907.5,0.42,0.42,50.76,-10287,288
2011/12/15,6845,6858,6751,6753,6837,0.29,0.36,68.35,-14663,-512
2011/12/16,6772,6803,6746,6772,6762.5,0.32,0.37,77.58,-12404,-328
2011/12/19,6670,6741,6613,6634,6703,0.23,0.32,87.25,-12298,-1766
2011/12/20,6674,6704,6665,6669,6651.5,0.29,0.35,92.08,-13093,-4601
2011/12/21,6831,6960,6830,6952,6810.5,0.59,0.50,81.78,-5658,1007
2011/12/22,6950,6979,6936,6955,6953.5,0.59,0.50,78.23,-5876,691
2011/12/23,7048,7124,7031,7107,7031,0.69,0.56,84.46,-3936,1665
2011/12/26,7108,7116,7074,7103,7105,0.69,0.56,87.58,-5220,1843
2011/12/27,7095,7112,7035,7084,7093.5,0.66,0.55,50.53,-5558,1865
2011/12/28,7062,7088,7037,7053,7068.5,0.61,0.53,32.01,-6333,1133
2011/12/29,7012,7077,7000,7074,7063.5,0.63,0.54,43.63,-6398,1145
2011/12/30,7098,7148,7036,7039,7056.5,0.56,0.52,48.47,-10188,1759
2012/1/2,7022,7051,6928,6945,6992,0.42,0.47,49.72,-11092,1661
2012/1/3,7020,7087,7002,7047,6996,0.56,0.53,26.8,-7472,1427
2012/1/4,7084,7109,7043,7072,7059.5,0.59,0.54,25.8,-3888,1861
2012/1/5,7088,7124,7061,7119,7095.5,0.65,0.57,35.58,-1610,2130
2012/1/6,7100,7117,7060,7084,7101.5,0.58,0.54,37.92,-1268,1850
2012/1/9,7047,7082,7026,7057,7070.5,0.53,0.52,48.29,-1839,1088
2012/1/10,7120,7180,7111,7167,7112,0.67,0.59,58.48,3334,834
2012/1/11,7185,7196,7167,7179,7173,0.68,0.59,66.83,2543,1336
2012/1/12,7185,7194,7161,7185,7182,0.69,0.60,59.2,4662,2097
2012/1/13,7235,7263,7147,7161,7173,0.62,0.57,73.7,2307,2856
2012/1/16,7236,7280,7071,7090,7125.5,0.46,0.51,51.55,1463,3259
2012/1/17,7152,7228,7118,7225,7157.5,0.66,0.60,40.47,7875,5897
2012/1/18,7224,7248,7192,7207,7216,0.62,0.59,31.21,5330,845
2012/1/30,7352,7448,7351,7392,7299.5,0.78,0.68,61.24,6611,824
2012/1/31,7444,7503,7422,7468,7430,0.81,0.71,77.68,7876,1229
2012/2/1,7492,7548,7476,7522,7495,0.84,0.73,86.93,14204,2159
2012/2/2,7620,7650,7566,7641,7581.5,0.88,0.76,92.73,14994,4017
2012/2/3,7620,7650,7602,7640,7640.5,0.88,0.76,95.62,16005,5079
2012/2/4,7720,7758,7693,7733,7686.5,0.90,0.79,97.61,18219,6073
2012/2/6,7706,7724,7668,7683,7708,0.79,0.74,73.6,17375,4880
2012/2/7,7706,7750,7675,7720,7701.5,0.81,0.75,70.23,20326,4765
2012/2/8,7766,7895,7760,7888,7804,0.88,0.80,81.68,20642,6666
2012/2/9,7860,7933,7829,7920,7904,0.89,0.81,88.41,20236,8544
2012/2/10,7876,7928,7850,7865,7892.5,0.77,0.75,91.78,15080,6177
2012/2/13,7875,7937,7841,7905,7885,0.79,0.77,93.46,14939,4742
2012/2/14,7905,7914,7807,7874,7889.5,0.72,0.73,65.26,15383,8001
2012/2/15,7924,8010,7890,8005,7939.5,0.81,0.78,68.43,13016,945
2012/2/16,7968,7994,7867,7905,7955,0.63,0.69,46.39,10141,-527
2012/2/17,7982,8021,7880,7929,7917,0.65,0.70,50.22,8447,12
2012/2/20,7989,8004,7927,7957,7943,0.68,0.71,52.14,7883,1104
2012/2/21,7954,7975,7854,7947,7952,0.66,0.70,61.39,8822,1126
2012/2/22,7918,8036,7889,8005,7976,0.72,0.72,44.43,10098,1531
2012/2/23,7960,7991,7941,7963,7984,0.62,0.68,35.95,8135,1420
2012/2/24,7945,7975,7883,7943,7953,0.58,0.66,47.97,7464,890
2012/2/29,8006,8126,8002,8111,8027,0.76,0.73,56.49,17541,1925
2012/3/1,8143,8177,8114,8139,8125,0.77,0.74,66.8,15296,1528
2012/3/2,8180,8187,8112,8152,8145.5,0.78,0.75,73.31,12043,2156
2012/3/3,8130,8130,8086,8120,8136,0.70,0.71,42.15,11029,1179
2012/3/5,8101,8107,8003,8038,8079,0.52,0.63,54.96,5411,198
2012/3/6,8020,8034,7871,7945,7991.5,0.39,0.55,72.54,637,-1911
2012/3/7,7854,7929,7840,7892,7918.5,0.33,0.51,82.54,2613,-3676
2012/3/8,7938,8000,7883,7976,7934,0.48,0.56,45.96,5804,203
2012/3/9,7990,8030,7942,8003,7989.5,0.52,0.58,41.68,7253,1399
2012/3/12,7998,8008,7908,7927,7965,0.41,0.52,30.44,5805,-584
2012/3/13,7967,8065,7965,8032,7979.5,0.56,0.58,40.19,12116,-491
2012/3/14,8154,8188,8132,8140,8086,0.67,0.64,62.95,12075,1011
2012/3/15,8140,8158,8090,8135,8137.5,0.66,0.63,43.88,10819,1892
2012/3/16,8130,8143,8058,8068,8101.5,0.54,0.58,30.33,5765,177
2012/3/19,8113,8116,7972,8050,8059,0.51,0.56,50.26,7664,226
2012/3/20,8077,8078,7952,7984,8017,0.42,0.51,63.65,2330,-3727
2012/3/21,7966,8016,7951,7980,7982,0.41,0.51,70.6,5138,-3926
2012/3/22,8009,8095,7986,8081,8030.5,0.58,0.58,65.79,11674,-3637
2012/3/23,8101,8101,8051,8080,8080.5,0.58,0.58,65.45,5485,-4377
2012/3/26,8081,8096,7938,7959,8019.5,0.39,0.48,66.19,-639,-2874
2012/3/27,8000,8022,7973,8012,7985.5,0.48,0.52,66.55,6508,-2192
2012/3/28,8015,8079,7996,8028,8020,0.51,0.53,51.34,11216,-1193
2012/3/29,7998,8006,7820,7849,7938.5,0.30,0.41,61.53,-1009,-1663
2012/3/30,7810,7907,7786,7886,7867.5,0.36,0.44,69.93,179,997
2012/4/2,7888,7904,7835,7865,7875.5,0.34,0.43,74.14,2590,624
2012/4/3,7889,7919,7736,7778,7821.5,0.26,0.38,84.17,-3870,907
2012/4/5,7651,7663,7523,7619,7698.5,0.18,0.31,91.38,-4865,2533
2012/4/6,7640,7688,7613,7672,7645.5,0.27,0.35,79.98,1892,4638
2012/4/9,7572,7633,7503,7577,7624.5,0.22,0.31,83.24,6157,3842
2012/4/10,7633,7683,7579,7610,7593.5,0.28,0.34,53.01,7976,3669
2012/4/11,7511,7650,7507,7638,7624,0.33,0.36,57.05,11231,4809
2012/4/12,7610,7648,7568,7634,7636,0.33,0.36,59.06,8952,6551
2012/4/13,7701,7766,7685,7755,7694.5,0.54,0.46,60.59,12226,6072
2012/4/16,7700,7734,7681,7712,7733.5,0.47,0.43,57.35,11465,3971
2012/4/17,7708,7739,7585,7597,7654.5,0.34,0.37,55.78,3591,3703
2012/4/18,7690,7692,7599,7620,7608.5,0.38,0.39,55,3044,-2862
2012/4/19,7591,7626,7510,7613,7616.5,0.38,0.39,71.15,5620,-3227
2012/4/20,7581,7599,7489,7515,7564,0.27,0.34,80.84,2622,-2489
2012/4/23,7499,7510,7416,7478,7496.5,0.25,0.32,88.71,4193,-1505
2012/4/24,7451,7534,7434,7488,7483,0.27,0.33,63.57,6976,-2308
2012/4/25,7544,7573,7510,7539,7513.5,0.40,0.38,46.49,6277,-2049
2012/4/26,7577,7585,7480,7496,7517.5,0.34,0.36,36.36,4122,-1323
2012/4/27,7546,7561,7435,7446,7471,0.28,0.33,52.07,2509,-1879
2012/4/30,7444,7469,7395,7465,7455.5,0.33,0.35,67.98,2854,-824
2012/5/2,7496,7683,7491,7675,7570,0.66,0.53,69.52,7662,143
2012/5/3,7676,7676,7635,7657,7666,0.63,0.51,70.29,6007,202
2012/5/4,7615,7685,7583,7664,7660.5,0.64,0.52,38.12,6554,-194
2012/5/7,7557,7578,7491,7502,7583,0.40,0.41,50.93,745,110
2012/5/8,7520,7545,7493,7520,7511,0.42,0.42,57.33,2827,1156
2012/5/9,7468,7490,7417,7459,7489.5,0.36,0.39,72.68,1754,1900
2012/5/10,7425,7516,7425,7479,7469,0.39,0.41,50.81,4288,2986
2012/5/11,7458,7464,7356,7366,7422.5,0.28,0.35,62.09,-2025,1404
2012/5/14,7376,7398,7327,7369,7367.5,0.29,0.35,72.31,2022,746
2012/5/15,7305,7406,7290,7384,7376.5,0.32,0.36,81.51,2981,48
2012/5/16,7356,7386,7250,7255,7319.5,0.21,0.30,88.45,-1328,-2774
2012/5/17,7266,7333,7251,7314,7284.5,0.34,0.36,91.91,-2842,-3876
2012/5/18,7164,7230,7128,7135,7224.5,0.21,0.28,95.64,-3209,-5655
2012/5/21,7179,7209,7156,7184,7159.5,0.30,0.32,97.5,214,-6007
2012/5/22,7250,7260,7202,7236,7210,0.38,0.37,57.69,-893,-4492
2012/5/23,7151,7170,7090,7135,7185.5,0.30,0.32,62.39,-954,-5069
2012/5/24,7156,7178,7082,7129,7132,0.29,0.32,64.75,-2678,-5478
2012/5/25,7155,7159,7048,7058,7093.5,0.24,0.29,73.6,-4827,-6175
2012/5/28,7072,7133,7025,7114,7086,0.35,0.34,81.42,-4271,-6607
2012/5/29,7124,7336,7105,7294,7204,0.58,0.48,78.63,2844,-4468
2012/5/30,7270,7273,7196,7234,7264,0.51,0.44,77.24,-3866,-5128
2012/5/31,7142,7255,7085,7217,7225.5,0.49,0.43,58.38,-890,-4412
2012/6/1,7200,7210,7075,7096,7156.5,0.36,0.37,52.15,-484,-4858
2012/6/4,6927,6930,6832,6869,6982.5,0.23,0.29,71.67,33,-8624
2012/6/5,6949,7005,6925,6970,6919.5,0.36,0.36,48.86,3490,-7431
2012/6/6,6989,7055,6958,7015,6992.5,0.41,0.39,31.09,4420,-6958
2012/6/7,7135,7146,7020,7047,7031,0.45,0.41,45.26,4399,-5953
2012/6/8,7007,7040,6946,6955,7001,0.37,0.37,29.89,3981,-6345
2012/6/11,7090,7136,7059,7092,7023.5,0.52,0.45,38.96,5462,-3164
2012/6/12,6976,7038,6962,7019,7055.5,0.45,0.42,34.3,5983,-4843
2012/6/13,7049,7070,7002,7048,7033.5,0.48,0.44,19,6972,-3091
2012/6/14,7042,7107,7033,7063,7055.5,0.50,0.45,29.31,7039,-3662
2012/6/15,7050,7160,7042,7154,7108.5,0.61,0.50,50.05,11361,-1385
2012/6/18,7300,7323,7244,7265,7209.5,0.70,0.56,71.53,8518,-1482
2012/6/19,7266,7270,7234,7265,7265,0.70,0.56,74.03,9245,568
2012/6/20,7293,7320,7281,7311,7288,0.74,0.59,80.69,7089,-1825
2012/6/21,7160,7163,7093,7117,7214,0.45,0.47,69.36,6153,-1079
2012/6/22,7002,7047,6995,7034,7075.5,0.38,0.43,73.08,963,1888
2012/6/25,6952,6978,6938,6948,6991,0.31,0.39,78.91,-2155,4873
2012/6/26,6944,6960,6923,6939,6943.5,0.31,0.39,82.99,802,4631
2012/6/27,6918,7005,6898,6986,6962.5,0.39,0.42,42.67,3015,4819
2012/6/28,7021,7037,6962,7001,6993.5,0.41,0.43,42.27,4996,5051
2012/6/29,6982,7128,6981,7114,7057.5,0.58,0.51,62.33,7525,3678
2012/7/2,7133,7152,7107,7136,7125,0.60,0.52,74.73,8769,5792
2012/7/3,7177,7280,7161,7228,7182,0.70,0.57,85.7,13751,2934
2012/7/4,7268,7327,7251,7290,7259,0.74,0.60,91.77,15950,3362
2012/7/5,7303,7321,7277,7297,7293.5,0.75,0.61,94.81,17344,4330
2012/7/6,7288,7319,7237,7272,7284.5,0.69,0.59,52.44,15193,4447
2012/7/9,7204,7272,7202,7236,7254,0.60,0.56,53.22,14447,3909
2012/7/10,7251,7270,7162,7181,7208.5,0.49,0.51,65.74,9759,4509
2012/7/11,7138,7204,7133,7186,7183.5,0.50,0.52,76.71,10940,5750
2012/7/12,7186,7188,7067,7079,7132.5,0.33,0.44,86.28,4707,6857
2012/7/13,7070,7108,7045,7071,7075,0.32,0.43,91.71,2784,5759
2012/7/16,7089,7110,7020,7057,7064,0.30,0.42,95.01,829,7136
2012/7/17,7048,7136,7030,7107,7082,0.44,0.47,50.97,1623,4743
2012/7/18,7110,7117,7056,7060,7083.5,0.36,0.43,28.96,-5185,1576
2012/7/19,6974,7032,6945,7022,7041,0.31,0.41,59.23,5146,2344
2012/7/20,7022,7039,6996,7013,7017.5,0.29,0.40,64.83,3558,2448
2012/7/23,6915,6932,6845,6873,6943,0.17,0.31,79.65,63,2988
2012/7/24,6862,6889,6850,6874,6873.5,0.17,0.31,87.06,-512,2525
2012/7/25,6782,6912,6775,6846,6860,0.15,0.30,92.47,1873,1010
2012/7/26,6856,6905,6832,6875,6860.5,0.25,0.33,95.18,2649,1581
2012/7/27,6969,7031,6946,7028,6951.5,0.58,0.49,78.38,6609,1535
2012/7/30,7082,7102,7055,7078,7053,0.64,0.53,79.12,9360,-643
2012/7/31,7102,7179,7061,7157,7117.5,0.72,0.58,84.61,10446,-475
2012/8/1,7139,7212,7135,7194,7175.5,0.75,0.61,88.85,15516,485
2012/8/3,7140,7164,7116,7140,7167,0.63,0.56,65.98,13319,843
2012/8/6,7278,7314,7236,7237,7188.5,0.72,0.62,77.4,7643,637
2012/8/7,7233,7263,7223,7236,7236.5,0.72,0.62,71.57,8323,517
2012/8/8,7306,7336,7277,7300,7268,0.78,0.65,78.56,15523,-2345
2012/8/9,7371,7452,7346,7438,7369,0.85,0.72,86.74,19529,-3628
2012/8/10,7453,7465,7425,7444,7441,0.85,0.72,91.15,19304,-3360
2012/8/13,7444,7475,7430,7453,7448.5,0.86,0.73,93.72,19690,-2400
2012/8/14,7484,7545,7451,7495,7474,0.88,0.74,96.29,16378,-1012
2012/8/15,7489,7497,7433,7468,7481.5,0.79,0.71,71.38,11868,-3308
2012/8/16,7460,7520,7441,7493,7480.5,0.81,0.72,69.7,13866,-1433
2012/8/17,7503,7511,7467,7474,7483.5,0.74,0.70,68.85,10689,205
2012/8/20,7464,7475,7398,7441,7457.5,0.63,0.65,70.01,14957,1133
2012/8/21,7465,7553,7458,7515,7478,0.74,0.70,55.22,14915,-1004
2012/8/22,7494,7508,7453,7490,7502.5,0.66,0.67,42.4,13130,-572
2012/8/23,7476,7534,7468,7513,7501.5,0.70,0.68,51.67,12228,-428
2012/8/24,7450,7490,7442,7487,7500,0.61,0.65,33.26,13470,-184
2012/8/27,7535,7551,7452,7454,7470.5,0.52,0.60,48.74,7182,160
2012/8/28,7435,7443,7375,7399,7426.5,0.39,0.54,44.38,7430,-751
2012/8/29,7404,7413,7381,7403,7401,0.40,0.54,42.2,8486,-692
2012/8/30,7360,7395,7341,7367,7385,0.33,0.50,58.17,12436,40
2012/8/31,7375,7420,7363,7382,7374.5,0.39,0.52,29.97,10713,-468
2012/9/3,7370,7465,7352,7442,7412,0.56,0.58,44.6,11993,-468
2012/9/4,7443,7470,7430,7448,7445,0.58,0.59,54.31,8495,-1449
2012/9/5,7401,7411,7341,7344,7396,0.34,0.46,61.33,1828,-765
2012/9/6,7332,7368,7286,7332,7338,0.32,0.45,72.75,4366,72
2012/9/7,7471,7479,7404,7419,7375.5,0.54,0.54,55.84,4129,2192
2012/9/10,7421,7469,7414,7456,7437.5,0.60,0.58,47.39,9940,1863
2012/9/11,7437,7490,7436,7465,7460.5,0.62,0.58,53.42,12036,1669
2012/9/12,7525,7586,7510,7583,7524,0.76,0.67,71.73,16665,4479
2012/9/13,7592,7609,7571,7576,7579.5,0.74,0.66,82.21,13459,2783
2012/9/14,7698,7758,7671,7738,7657,0.85,0.75,90.28,11678,1016
2012/9/17,7739,7767,7726,7750,7744,0.86,0.75,94.39,10028,2994
2012/9/18,7742,7768,7713,7749,7749.5,0.85,0.75,76.77,11634,-942
2012/9/19,7757,7795,7739,7767,7758,0.86,0.76,77.18,8226,-2790
2012/9/20,7782,7786,7716,7749,7758,0.80,0.73,38.78,7444,-3146
2012/9/21,7765,7783,7748,7761,7755,0.81,0.74,19.57,7135,-2402
2012/9/24,7747,7805,7685,7775,7768,0.82,0.75,51.08,9851,-2210
2012/9/25,7792,7810,7744,7756,7765.5,0.73,0.72,56.25,6635,-2370
2012/9/26,7691,7725,7670,7700,7728,0.52,0.62,73.77,5443,-2944
2012/9/27,7683,7730,7679,7728,7714,0.59,0.65,73.47,6979,-1734
2012/9/28,7726,7748,7666,7719,7723.5,0.56,0.63,38.21,6253,-1053
2012/10/1,7690,7706,7666,7684,7701.5,0.45,0.58,20.58,6600,-1793
2012/10/2,7716,7748,7693,7729,7706.5,0.58,0.63,49.53,9343,-688
2012/10/3,7740,7742,7687,7704,7716.5,0.50,0.59,47.56,5848,-1299
2012/10/4,7707,7715,7633,7706,7705,0.51,0.59,56.92,4093,-1256
2012/10/5,7711,7733,7680,7701,7703.5,0.49,0.58,33.44,3706,-727
2012/10/8,7677,7692,7612,7625,7663,0.29,0.47,54.07,1664,-1593
2012/10/9,7629,7647,7596,7596,7610.5,0.25,0.44,67.58,-897,-2899
2012/10/11,7483,7506,7442,7444,7520,0.12,0.31,82.18,-4259,-151
2012/10/12,7434,7463,7385,7413,7428.5,0.11,0.29,90.09,-1752,2901
2012/10/15,7396,7434,7385,7425,7419,0.15,0.31,94.05,-439,2415
2012/10/16,7460,7462,7435,7458,7441.5,0.27,0.35,53.68,-793,4906
2012/10/17,7510,7525,7451,7460,7459,0.28,0.36,57.47,-4469,-2983
2012/10/18,7467,7479,7444,7453,7456.5,0.26,0.35,49.08,-3307,-3469
2012/10/19,7468,7469,7385,7387,7420,0.18,0.30,52.21,-7414,-4413
2012/10/22,7300,7360,7289,7347,7367,0.15,0.27,69.18,-4264,-3887
2012/10/23,7342,7350,7293,7299,7323,0.12,0.24,77.66,-7956,-2391
2012/10/24,7230,7347,7225,7303,7301,0.14,0.25,86.48,-6680,-3386
2012/10/25,7303,7319,7251,7254,7278.5,0.10,0.22,90.89,-8872,-2482
2012/10/26,7226,7287,7090,7092,7173,0.05,0.16,95.12,-9416,-1996
2012/10/29,7110,7153,7091,7121,7106.5,0.14,0.20,97.24,-5512,-4206
2012/10/30,7170,7220,7141,7162,7141.5,0.26,0.26,57.69,-6097,-3871
2012/10/31,7192,7212,7125,7141,7151.5,0.24,0.25,32.75,-9101,-2994
2012/11/1,7098,7192,7029,7172,7156.5,0.33,0.30,53.7,-7222,-524
2012/11/2,7214,7225,7182,7201,7186.5,0.41,0.34,35.12,-4773,1105
2012/11/5,7190,7222,7146,7181,7191,0.37,0.33,43.39,-3475,1533
2012/11/6,7180,7259,7163,7256,7218.5,0.55,0.43,31.02,-3416,1537
2012/11/7,7205,7293,7192,7256,7256,0.55,0.43,43.55,-3141,3730
2012/11/8,7168,7220,7160,7201,7228.5,0.43,0.38,29.95,-386,3073
2012/11/9,7136,7301,7126,7286,7243.5,0.60,0.48,47.61,5644,6486
2012/11/12,7265,7304,7238,7243,7264.5,0.51,0.44,57.29,1095,5013
2012/11/13,7227,7239,7092,7094,7168.5,0.31,0.33,64.27,-3628,4760
2012/11/14,7081,7150,7077,7128,7111,0.37,0.37,69.85,65,1764
2012/11/15,7095,7156,7036,7121,7124.5,0.37,0.37,78.08,457,1765
2012/11/16,7116,7179,7082,7107,7114,0.35,0.36,51.27,-1882,2266
2012/11/19,7147,7168,7120,7121,7114,0.39,0.38,37.87,-2713,2719
2012/11/20,7174,7181,7131,7159,7140,0.49,0.42,33.38,-2804,1987
2012/11/21,7176,7178,7051,7084,7121.5,0.35,0.36,56.42,-1725,-547
2012/11/22,7096,7115,7081,7089,7086.5,0.36,0.37,67.94,579,-1755
2012/11/23,7123,7327,7120,7319,7204,0.71,0.58,74.92,6658,-2222
2012/11/26,7362,7409,7357,7388,7353.5,0.76,0.62,82.12,5114,211
2012/11/27,7410,7435,7380,7421,7404.5,0.78,0.64,86.82,7459,-194
2012/11/28,7407,7439,7390,7429,7425,0.79,0.65,89.43,7929,-1666
2012/11/29,7470,7539,7465,7525,7477,0.84,0.70,93.71,13139,-3033
2012/11/30,7535,7605,7524,7594,7559.5,0.87,0.73,96.35,14475,-2969
2012/12/3,7596,7647,7560,7599,7596.5,0.87,0.73,97.87,12550,-2110
2012/12/4,7560,7603,7548,7593,7596,0.85,0.72,80.55,11519,-609
2012/12/5,7593,7678,7576,7651,7622,0.88,0.75,84.65,13046,-657
2012/12/6,7654,7673,7623,7639,7645,0.84,0.73,86.7,13797,-61
2012/12/7,7658,7691,7642,7659,7649,0.85,0.74,89.97,13746,-25
2012/12/10,7680,7686,7600,7623,7641,0.72,0.69,61.27,13785,363
2012/12/11,7639,7645,7579,7638,7630.5,0.74,0.70,60.21,14130,-946
2012/12/12,7657,7725,7652,7695,7666.5,0.80,0.74,60.23,13769,-1130
2012/12/13,7718,7778,7708,7773,7734,0.86,0.77,70.15,13049,1255
2012/12/14,7738,7747,7701,7704,7738.5,0.66,0.68,64.63,7406,65
2012/12/17,7690,7707,7615,7649,7676.5,0.54,0.61,61.7,5889,-126
2012/12/18,7660,7665,7621,7653,7651,0.54,0.62,60.24,5743,-845
2012/12/19,7698,7709,7655,7659,7656,0.56,0.62,48.57,2538,-4157
2012/12/20,7631,7633,7556,7559,7609,0.36,0.51,55.84,296,-3167
2012/12/21,7565,7578,7472,7492,7525.5,0.28,0.45,69.69,295,-2581
2012/12/22,7556,7558,7523,7527,7509.5,0.37,0.48,76.61,388,-2313
2012/12/24,7500,7564,7491,7521,7524,0.36,0.48,83.84,1211,-3381
2012/12/25,7555,7688,7538,7671,7596,0.63,0.60,70.9,1080,-1463
2012/12/26,7651,7685,7623,7632,7651.5,0.56,0.57,64.44,-1097,-924
2012/12/27,7602,7666,7584,7628,7630,0.55,0.56,42.35,-1215,-1360
2012/12/28,7650,7708,7647,7677,7652.5,0.63,0.60,42.08,-298,-1243
2013/1/2,7720,7804,7702,7773,7725,0.73,0.66,62.38,2935,-616
2013/1/3,7811,7836,7803,7824,7798.5,0.78,0.69,75.29,2343,2634
2013/1/4,7800,7809,7751,7775,7799.5,0.66,0.63,41.44,2710,3495
2013/1/7,7743,7774,7700,7741,7758,0.58,0.60,47.59,1780,4306
2013/1/8,7732,7747,7673,7709,7725,0.52,0.57,58.67,-415,4156
2013/1/9,7686,7774,7682,7738,7723.5,0.57,0.59,29.5,3061,1334
2013/1/10,7762,7846,7759,7833,7785.5,0.70,0.65,48.98,4135,896
2013/1/11,7863,7867,7796,7802,7817.5,0.63,0.62,63.23,-1610,1650
2013/1/14,7730,7828,7705,7823,7812.5,0.66,0.63,56.09,392,3462
2013/1/15,7800,7812,7728,7743,7783,0.48,0.55,52.51,-1693,3466
2013/1/16,7750,7769,7698,7718,7730.5,0.44,0.52,63.09,-377,-724
2013/1/17,7702,7767,7582,7614,7666,0.30,0.44,78.77,1802,-942
2013/1/18,7692,7723,7666,7712,7663,0.48,0.52,86.61,3016,1128
2013/1/21,7683,7736,7645,7704,7708,0.47,0.51,91.54,3027,1287
2013/1/22,7722,7765,7672,7748,7726,0.55,0.55,46.76,5898,895
2013/1/23,7777,7788,7714,7722,7735,0.50,0.52,46.08,1459,604
2013/1/24,7688,7728,7625,7683,7702.5,0.43,0.49,56.62,843,931
2013/1/25,7662,7688,7612,7650,7666.5,0.37,0.46,64.92,-1305,2568
2013/1/28,7620,7731,7620,7727,7688.5,0.54,0.53,43.45,3999,2219
2013/1/29,7759,7822,7736,7812,7769.5,0.65,0.59,60,7882,673
2013/1/30,7846,7859,7791,7796,7804,0.62,0.58,72.52,4813,-348
2013/1/31,7815,7850,7778,7846,7821,0.68,0.61,60,9092,1311
2013/2/1,7859,7901,7825,7859,7852.5,0.70,0.62,69.87,7005,1260
2013/2/4,7878,7952,7872,7939,7899,0.78,0.67,80.39,6276,2876
2013/2/5,7885,7913,7868,7901,7920,0.68,0.63,78.05,2350,2846
2013/2/6,7916,7952,7891,7901,7901,0.68,0.63,84.27,2428,2798
2013/2/18,7967,7978,7913,7936,7918.5,0.73,0.65,89.51,5758,3087
2013/2/19,7950,7970,7941,7958,7947,0.75,0.67,92.13,7918,3079
2013/2/20,8008,8027,7983,8022,7990,0.82,0.71,95.53,7021,-1687
2013/2/21,7987,7998,7948,7949,7985.5,0.60,0.62,48.03,4825,-2925
2013/2/22,7939,7976,7903,7951,7950,0.61,0.62,51.89,4421,-2407
2013/2/23,7974,7994,7970,7992,7971.5,0.67,0.65,29.73,4853,-1704
2013/2/25,7985,7992,7935,7941,7966.5,0.53,0.58,43.89,3610,-1519
2013/2/26,7893,7920,7862,7883,7912,0.42,0.52,65.54,3761,-3448
2013/2/27,7907,7909,7862,7879,7881,0.41,0.52,76.37,2733,-3943
2013/3/1,7945,7950,7920,7936,7907.5,0.55,0.57,51.64,3557,-2119
2013/3/4,7935,7937,7827,7844,7890,0.38,0.48,58.97,-3078,-2972
2013/3/5,7867,7931,7862,7911,7877.5,0.51,0.54,62.63,4608,-1408
2013/3/6,7980,7998,7935,7945,7928,0.57,0.56,54.63,4036,-636
2013/3/7,7933,7982,7921,7939,7942,0.55,0.56,34.43,5651,-1468
2013/3/8,7968,8032,7965,8008,7973.5,0.66,0.61,50.58,9890,-1376
2013/3/11,8010,8068,7993,8042,8025,0.71,0.64,66.45,10110,1212
2013/3/12,8040,8058,7983,7998,8020,0.59,0.59,55.56,7594,-813
2013/3/13,8000,8035,7951,7989,7993.5,0.57,0.58,46.63,6718,-51
2013/3/14,7997,7997,7941,7950,7969.5,0.47,0.53,50.34,3075,197
2013/3/15,7969,7986,7906,7909,7929.5,0.39,0.49,67.07,1016,1099
2013/3/18,7857,7868,7790,7792,7850.5,0.24,0.39,82,-1274,-445
2013/3/19,7838,7852,7816,7831,7811.5,0.34,0.43,89.47,648,1087
2013/3/20,7780,7842,7775,7795,7813,0.30,0.40,94.02,-1818,-3883
2013/3/21,7803,7816,7781,7796,7795.5,0.30,0.40,96.3,-2442,-4686
2013/3/22,7780,7814,7764,7774,7785,0.27,0.38,97.77,-1705,-5845
2013/3/25,7842,7865,7826,7850,7812,0.48,0.47,72.8,1243,-4131
2013/3/26,7845,7848,7822,7835,7842.5,0.45,0.46,52.64,200,-3509
2013/3/27,7841,7876,7827,7862,7848.5,0.52,0.49,62.56,2175,-4072
2013/3/28,7859,7875,7820,7843,7852.5,0.47,0.47,47.81,1228,-4784
2013/3/29,7884,7935,7871,7923,7883,0.64,0.55,67.1,8501,-2038
2013/4/1,7938,7942,7907,7918,7920.5,0.63,0.55,77.81,6987,-2418
2013/4/2,7907,7927,7875,7903,7910.5,0.58,0.53,50.16,6826,-2922
2013/4/3,7944,7953,7910,7936,7919.5,0.65,0.57,43.78,9138,586
2013/4/8,7859,7870,7733,7737,7836.5,0.29,0.38,62.92,-8871,494
2013/4/9,7717,7750,7697,7708,7722.5,0.26,0.36,74.83,-8771,254
2013/4/10,7737,7745,7713,7726,7717,0.31,0.38,80.79,-6880,1221
2013/4/11,7776,7825,7759,7816,7771,0.50,0.47,62.29,2841,2685
2013/4/12,7822,7832,7783,7784,7800,0.45,0.45,56.1,1076,664
2013/4/15,7763,7816,7729,7761,7772.5,0.41,0.43,50.1,3601,-204
2013/4/16,7710,7786,7693,7775,7768,0.44,0.44,59.83,3499,1902
2013/4/17,7783,7809,7772,7808,7791.5,0.52,0.48,33.51,3672,238
2013/4/18,7715,7775,7700,7750,7779,0.40,0.43,52.7,5860,-2340
2013/4/19,7784,7945,7782,7942,7846,0.68,0.59,56.33,14837,-3976
2013/4/22,7952,7976,7938,7955,7948.5,0.70,0.60,62.52,11308,-5116
2013/4/23,7942,7951,7896,7926,7940.5,0.63,0.57,34.23,10182,-4751
2013/4/24,7967,8015,7949,7992,7959,0.71,0.62,45.08,11328,-1559
2013/4/25,7976,8009,7970,8005,7998.5,0.72,0.62,50.5,14324,-933
2013/4/26,8010,8066,7996,7997,8001,0.70,0.62,67.63,15111,-2407
2013/4/29,8010,8042,8001,8021,8009,0.73,0.63,76.2,17824,-4454
2013/4/30,8067,8122,8062,8098,8059.5,0.80,0.68,86.47,17713,-3279
2013/5/2,8083,8127,8083,8119,8108.5,0.82,0.70,91.75,20812,-3423
2013/5/3,8139,8174,8119,8140,8129.5,0.84,0.71,95.32,19151,-2173
2013/5/6,8200,8209,8154,8168,8154,0.86,0.73,97.37,19168,-1135
2013/5/7,8180,8187,8150,8174,8171,0.86,0.73,88.49,22489,-542
2013/5/8,8188,8302,8186,8269,8221.5,0.92,0.78,92.73,21306,-1669
2013/5/9,8301,8330,8290,8313,8291,0.93,0.80,95.29,18809,-1070
2013/5/10,8294,8312,8280,8309,8311,0.91,0.79,79.45,18427,1841
2013/5/13,8311,8314,8229,8260,8284.5,0.72,0.71,60.14,17920,1827
2013/5/14,8280,8307,8244,8272,8266,0.73,0.72,50.49,16962,-22
2013/5/15,8299,8311,8260,8303,8287.5,0.77,0.74,33.91,13800,-2660
2013/5/16,8325,8440,8320,8423,8363,0.87,0.80,61.97,13051,205
2013/5/17,8405,8423,8386,8401,8412,0.80,0.76,76,8960,-1151
2013/5/20,8398,8401,8341,8386,8393.5,0.74,0.74,46.27,8959,38
2013/5/21,8380,8441,8357,8390,8388,0.75,0.74,43.95,11205,-383
2013/5/22,8435,8449,8392,8396,8393,0.76,0.75,47.66,7103,-134
2013/5/23,8337,8355,8210,8213,8304.5,0.33,0.50,65,3683,1483
2013/5/24,8238,8248,8146,8220,8216.5,0.35,0.51,77.06,3416,1051
2013/5/27,8184,8268,8184,8257,8238.5,0.44,0.55,64.81,7672,2024
2013/5/28,8268,8283,8245,8257,8257,0.44,0.55,41.55,5625,1820
2013/5/29,8257,8345,8246,8315,8286,0.57,0.60,50.08,9555,1426
2013/5/30,8304,8304,8204,8230,8272.5,0.40,0.50,32.87,6027,2213
2013/5/31,8277,8342,8226,8242,8236,0.43,0.52,35.13,2614,3654
2013/6/3,8100,8205,8092,8191,8216.5,0.35,0.46,51.34,7524,1323
2013/6/4,8223,8228,8150,8162,8176.5,0.31,0.44,42.05,3310,2763
2013/6/5,8130,8196,8124,8146,8154,0.28,0.42,48.14,3701,659
2013/6/6,8098,8129,8061,8102,8124,0.23,0.38,65.1,-2268,2434
2013/6/7,8081,8110,8049,8087,8094.5,0.21,0.37,75.26,-4406,1073
2013/6/10,8142,8185,8128,8147,8117,0.42,0.45,59.95,-2832,1115
2013/6/11,8135,8157,8107,8126,8136.5,0.38,0.43,31.9,-3666,269
2013/6/13,8050,8055,7931,7932,8029,0.18,0.29,56.88,-11366,320
2013/6/14,7983,7985,7905,7921,7926.5,0.17,0.29,71.15,-12540,-1374
2013/6/17,7923,7982,7920,7972,7946.5,0.31,0.35,78.29,-9587,-924
2013/6/18,7971,8011,7937,7996,7984,0.36,0.38,39.69,-2218,5458
2013/6/19,8005,8038,7987,8019,8007.5,0.42,0.41,43.38,-3502,4024
2013/6/20,7795,7819,7739,7750,7884.5,0.19,0.26,63.98,-7783,4527
2013/6/21,7600,7680,7589,7658,7704,0.15,0.23,78.29,-12591,1381
2013/6/24,7628,7663,7602,7629,7643.5,0.14,0.22,85.44,-12426,3339
2013/6/25,7613,7683,7580,7604,7616.5,0.13,0.21,89.89,-15124,740
2013/6/26,7650,7689,7609,7638,7621,0.22,0.25,81.12,-12333,1854
2013/6/27,7735,7746,7700,7715,7676.5,0.37,0.33,63.19,-10818,3740
2013/6/28,7755,7860,7729,7828,7771.5,0.54,0.43,74.25,-3191,143
2013/7/1,7818,7916,7811,7903,7865.5,0.62,0.49,82.86,941,1849
2013/7/2,7905,7920,7880,7906,7904.5,0.62,0.49,87.4,240,1390
2013/7/3,7884,7894,7806,7811,7858.5,0.47,0.43,62.6,-1266,-49
2013/7/4,7839,7864,7802,7842,7826.5,0.52,0.45,52.32,-1258,-82
2013/7/5,7885,7979,7871,7964,7903,0.66,0.54,61.71,2474,110
2013/7/8,7955,7964,7820,7830,7897,0.48,0.45,30.99,-2786,1403
2013/7/9,7830,7931,7823,7922,7876,0.57,0.51,15.63,4488,2552
2013/7/10,7938,8017,7921,7959,7940.5,0.61,0.53,44.66,7566,1725
2013/7/11,8107,8166,8061,8164,8061.5,0.75,0.63,68.63,5456,-187
2013/7/12,8164,8188,8138,8183,8173.5,0.76,0.64,81.26,4789,1526
2013/7/15,8141,8238,8135,8216,8199.5,0.77,0.65,88.93,5363,3549
2013/7/16,8230,8233,8193,8230,8223,0.78,0.66,92.76,6877,7548
2013/7/17,8209,8257,8202,8241,8235.5,0.79,0.66,95.46,4280,-64
2013/7/18,8158,8169,8088,8100,8170.5,0.53,0.55,79.27,2814,1576
2013/7/19,8059,8073,7953,7957,8028.5,0.37,0.46,83.33,-1846,1282
2013/7/22,7974,8053,7970,8019,7988,0.46,0.50,85.36,1568,257
2013/7/23,8068,8156,8060,8134,8076.5,0.58,0.56,61.54,2663,-475
2013/7/24,8142,8148,8100,8124,8129,0.56,0.56,49.64,3111,-13
2013/7/25,8100,8158,8056,8108,8116,0.54,0.55,42.65,2762,-2192
2013/7/26,8109,8183,8088,8099,8103.5,0.53,0.54,29.08,286,-3064
2013/7/29,8082,8108,8017,8033,8066,0.42,0.49,46.16,-569,-3494
2013/7/30,8060,8145,8057,8128,8080.5,0.57,0.55,25.36,2980,-5369
2013/7/31,8120,8133,8046,8049,8088.5,0.45,0.50,20.75,-4822,-4925
2013/8/1,8049,8080,8000,8044,8046.5,0.45,0.50,44.59,-7953,-4502
2013/8/2,8098,8146,8048,8061,8052.5,0.48,0.51,42.11,-5939,-1866
2013/8/5,8072,8108,8022,8099,8080,0.55,0.54,24.68,-1885,-1426
2013/8/6,8059,8075,7972,7991,8045,0.38,0.46,42.1,-9561,979
2013/8/7,7912,7939,7845,7847,7919,0.25,0.37,65.81,-10069,1633
2013/8/8,7875,7893,7844,7845,7846,0.25,0.37,77.73,-11341,2403
2013/8/9,7848,7882,7802,7824,7834.5,0.23,0.36,86.23,-10333,3939
2013/8/12,7848,7882,7820,7858,7841,0.32,0.39,90.49,-8194,3943
2013/8/13,7894,7959,7887,7951,7904.5,0.50,0.47,74.12,-5196,4254
2013/8/14,7959,7960,7888,7927,7939,0.46,0.46,66.35,-6685,8045
2013/8/15,7843,7878,7805,7859,7893,0.37,0.41,64.77,-7599,6637
2013/8/16,7809,7944,7800,7914,7886.5,0.47,0.46,45.65,-4884,5779
2013/8/19,7878,7903,7855,7886,7900,0.43,0.44,36.09,-5479,8280
2013/8/20,7850,7920,7800,7806,7846,0.33,0.39,45.71,-8337,7726
2013/8/22,7700,7823,7695,7813,7809.5,0.34,0.39,66.42,-7843,1896
2013/8/23,7760,7816,7753,7784,7798.5,0.31,0.38,76.77,-4322,1914
2013/8/26,7818,7844,7787,7823,7803.5,0.41,0.42,41.57,-3333,3268
2013/8/27,7802,7818,7747,7756,7789.5,0.31,0.37,49.82,-2256,3270
2013/8/28,7699,7781,7678,7777,7766.5,0.37,0.39,67.69,675,2293
2013/8/29,7798,7900,7788,7894,7835.5,0.59,0.50,55.4,4366,1027
2013/8/30,7898,7983,7880,7972,7933,0.68,0.56,63.24,818,-1575
2013/9/2,7964,8025,7956,8018,7995,0.72,0.59,71.97,2680,-2491
2013/9/3,8038,8079,8025,8052,8035,0.75,0.61,80.78,1945,-61
2013/9/4,8028,8074,8005,8071,8061.5,0.77,0.62,61.06,2933,1227
2013/9/5,8091,8141,8071,8129,8100,0.82,0.66,69.69,4149,918
2013/9/6,8129,8153,8120,8140,8134.5,0.82,0.67,76,6046,308
2013/9/9,8150,8184,8095,8159,8149.5,0.84,0.68,83.47,6344,70
2013/9/10,8189,8220,8136,8170,8164.5,0.85,0.68,89.61,7968,-502
2013/9/11,8199,8200,8131,8187,8178.5,0.86,0.70,80.1,6265,168
2013/9/12,8187,8217,8164,8193,8190,0.87,0.70,82.2,8891,1976
2013/9/13,8198,8215,8146,8147,8170,0.65,0.63,44.74,6408,1824
2013/9/14,8178,8179,8148,8162,8154.5,0.68,0.64,26.01,6477,417
2013/9/16,8214,8259,8197,8247,8204.5,0.80,0.70,57.55,6141,-2836
2013/9/17,8217,8242,8209,8240,8243.5,0.77,0.69,73.32,6397,-869
2013/9/18,8255,8268,8223,8238,8239,0.76,0.69,84.14,2513,-1255
2013/9/23,8185,8269,8180,8257,8247.5,0.79,0.71,57.03,6950,-69
2013/9/24,8251,8273,8221,8267,8262,0.81,0.71,36.56,7329,668
2013/9/25,8250,8258,8222,8233,8250,0.62,0.65,26.32,5869,2676
2013/9/26,8220,8241,8156,8181,8207,0.44,0.56,57.93,5660,2495
2013/9/27,8190,8207,8176,8182,8181.5,0.44,0.57,73.74,6386,2000
2013/9/30,8114,8156,8083,8121,8151.5,0.30,0.48,85.99,6932,779
2013/10/1,8153,8175,8138,8149,8135,0.41,0.52,66.98,5011,266
2013/10/2,8185,8192,8157,8159,8154,0.44,0.53,34.38,7529,-787
2013/10/3,8172,8385,8171,8377,8268,0.79,0.71,60.9,9232,-3625
2013/10/4,8357,8393,8345,8366,8371.5,0.76,0.70,74.58,3980,-3931
2013/10/7,8367,8370,8296,8325,8345.5,0.65,0.64,38.74,2742,-1625
2013/10/8,8302,8383,8291,8373,8349,0.71,0.68,30.23,4902,-1779
2013/10/9,8324,8377,8319,8338,8355.5,0.62,0.63,25.98,3021,-3374
2013/10/11,8439,8450,8355,8361,8349.5,0.66,0.65,55.68,1999,-851
2013/10/14,8345,8348,8273,8294,8327.5,0.50,0.56,45.06,-1146,-2900
2013/10/15,8359,8385,8338,8355,8324.5,0.60,0.61,30.07,-2381,-3311
2013/10/16,8372,8377,8340,8345,8350,0.58,0.60,22.58,-418,-2969
2013/10/17,8380,8422,8356,8364,8354.5,0.61,0.62,46.09,-1274,-1591
2013/10/18,8382,8429,8373,8417,8390.5,0.70,0.66,60.37,2300,-1004
2013/10/21,8441,8445,8393,8400,8408.5,0.64,0.63,72.99,768,1205
2013/10/22,8377,8423,8352,8416,8408,0.67,0.65,57.62,4013,-168
2013/10/23,8436,8440,8340,8359,8387.5,0.50,0.57,33.54,-2014,995
2013/10/24,8348,8400,8326,8393,8376,0.58,0.60,32.54,1207,-373
2013/10/25,8353,8366,8291,8320,8356.5,0.41,0.51,54.35,-2541,799
2013/10/28,8320,8410,8320,8389,8354.5,0.56,0.58,43.8,1183,-208
2013/10/29,8362,8435,8359,8408,8398.5,0.59,0.59,52.33,5425,-816
2013/10/30,8424,8460,8405,8440,8424,0.64,0.62,65.46,7421,-138
2013/10/31,8422,8465,8408,8429,8434.5,0.61,0.60,73.66,11601,-117
2013/11/1,8457,8476,8372,8391,8410,0.50,0.55,58.49,6183,853
2013/11/4,8360,8369,8313,8338,8364.5,0.39,0.49,70.54,1035,1557
2013/11/5,8326,8353,8255,8267,8302.5,0.29,0.42,81.58,-1720,825
2013/11/6,8281,8288,8231,8269,8268,0.29,0.43,88.3,-3755,1438
2013/11/7,8266,8279,8224,8258,8263.5,0.28,0.41,92.05,-5358,1008
2013/11/8,8230,8269,8211,8224,8241,0.23,0.38,94.7,-7466,-1802
2013/11/11,8230,8236,8179,8195,8209.5,0.19,0.36,96.88,-12247,-1976
2013/11/12,8225,8247,8172,8215,8205,0.28,0.39,67.36,-14078,-2623
2013/11/13,8186,8193,8101,8107,8161,0.17,0.30,77.43,-17414,-1671
2013/11/14,8143,8157,8085,8124,8115.5,0.23,0.33,84.12,-18104,-1929
2013/11/15,8177,8214,8148,8161,8142.5,0.35,0.38,59,-16017,-1075
2013/11/18,8194,8223,8178,8189,8175,0.43,0.42,52.1,-10998,13
2013/11/19,8224,8256,8208,8246,8217.5,0.57,0.49,63.9,-3573,-82
2013/11/20,8230,8258,8216,8219,8232.5,0.50,0.46,70.56,-8295,615
2013/11/21,8166,8170,8062,8078,8148.5,0.29,0.35,77.02,-14657,1444
2013/11/22,8078,8110,8076,8087,8082.5,0.31,0.36,80.25,-13045,1458
2013/11/25,8145,8218,8142,8192,8139.5,0.52,0.47,64.24,-7301,1073
2013/11/26,8166,8277,8154,8245,8218.5,0.60,0.52,67.61,-50,963
2013/11/27,8236,8300,8232,8297,8271,0.66,0.56,73,4630,2090
2013/11/28,8350,8392,8338,8377,8337,0.74,0.62,82.95,5318,2979
2013/11/29,8375,8428,8372,8425,8401,0.77,0.65,89.14,8922,3214
2013/12/2,8431,8447,8391,8411,8418,0.74,0.63,92.86,8177,4658
2013/12/3,8392,8424,8378,8408,8409.5,0.73,0.63,68.45,7625,4351
2013/12/4,8375,8449,8372,8434,8421,0.76,0.65,70.43,6243,2624
2013/12/5,8423,8443,8352,8378,8406,0.59,0.58,37.62,1465,3095
2013/12/6,8377,8409,8354,8384,8381,0.60,0.58,21.21,1681,3264
2013/12/9,8455,8495,8445,8456,8420,0.71,0.64,54.58,-3,4425
2013/12/10,8431,8458,8427,8454,8455,0.71,0.64,45.86,1244,4127
2013/12/11,8458,8510,8422,8432,8443,0.63,0.61,60.67,702,2949
2013/12/12,8390,8406,8358,8392,8412,0.51,0.56,45.25,-166,1183
2013/12/13,8359,8404,8352,8396,8394,0.52,0.56,41.09,-3100,1889
2013/12/16,8375,8385,8325,8334,8365,0.37,0.48,54.04,-5810,876
2013/12/17,8383,8385,8358,8361,8347.5,0.45,0.52,60.51,-6482,-700
2013/12/18,8380,8380,8338,8338,8349.5,0.40,0.49,73.41,-7786,-83
2013/12/19,8392,8431,8371,8392,8365,0.55,0.55,63.33,-6325,206
2013/12/20,8391,8428,8382,8414,8403,0.60,0.57,58.29,-2470,350
2013/12/23,8449,8495,8445,8475,8444.5,0.71,0.63,74.41,-3395,473
2013/12/24,8480,8487,8462,8481,8478,0.72,0.63,82.47,-256,1510
2013/12/25,8500,8504,8488,8500,8490.5,0.75,0.65,88.62,897,2052
2013/12/26,8510,8514,8483,8501,8500.5,0.75,0.65,92.59,1043,2791
2013/12/27,8496,8550,8490,8543,8522,0.81,0.69,95.8,2652,2783
2013/12/30,8549,8637,8546,8624,8583.5,0.88,0.75,97.79,3071,3318
2013/12/31,8650,8664,8622,8633,8628.5,0.89,0.75,98.82,1584,3059
2014/1/2,8644,8649,8585,8616,8624.5,0.80,0.72,52.27,4856,3732
2014/1/3,8595,8597,8530,8542,8579,0.53,0.60,54.11,-2268,2526
2014/1/6,8539,8561,8503,8526,8534,0.49,0.57,63.05,-4382,821
2014/1/7,8528,8575,8525,8550,8538,0.56,0.60,43.95,-4944,-657
2014/1/8,8556,8599,8550,8584,8567,0.63,0.63,39.8,-5422,886
2014/1/9,8565,8573,8514,8528,8556,0.47,0.55,42.26,-9830,1526
2014/1/10,8523,8548,8516,8541,8534.5,0.51,0.56,43.48,-7058,959
2014/1/13,8598,8629,8566,8571,8556,0.58,0.60,60.31,-8095,1667
2014/1/14,8530,8559,8514,8547,8559,0.51,0.56,37.6,-8285,2709
2014/1/15,8570,8613,8563,8610,8578.5,0.65,0.63,41.17,-4984,1994
2014/1/16,8650,8662,8610,8618,8614,0.67,0.63,56.36,-6680,2577
2014/1/17,8610,8625,8577,8604,8611,0.61,0.61,30.06,-8643,2541
2014/1/20,8585,8634,8571,8623,8613.5,0.66,0.63,25.44,-6282,3145
2014/1/21,8642,8647,8611,8621,8622,0.65,0.63,36.54,-8127,4481
2014/1/22,8595,8636,8585,8634,8627.5,0.68,0.64,36.92,-5828,4271
2014/1/23,8646,8650,8587,8597,8615.5,0.51,0.57,26.07,-8870,5228
2014/1/24,8570,8629,8551,8617,8607,0.58,0.60,43.62,-5487,2547
2014/1/27,8510,8547,8445,8449,8533,0.24,0.38,67.85,-10558,3318
2014/2/5,8302,8328,8196,8242,8345.5,0.13,0.26,83.09,-14746,1750
2014/2/6,8278,8292,8247,8276,8259,0.20,0.30,90.71,-12295,3477
2014/2/7,8327,8373,8315,8339,8307.5,0.33,0.37,46.43,-9870,3637
2014/2/10,8375,8403,8353,8354,8346.5,0.35,0.38,37.63,-8098,4828
2014/2/11,8354,8415,8346,8413,8383.5,0.46,0.44,39.61,-2294,4465
2014/2/12,8447,8496,8437,8483,8448,0.57,0.51,61.26,1587,5652
2014/2/13,8495,8495,8443,8445,8464,0.50,0.48,72.09,2570,4131
2014/2/14,8496,8568,8488,8506,8475.5,0.59,0.53,83.64,5171,2621
2014/2/17,8547,8557,8514,8526,8516,0.62,0.54,89.41,6729,5195
2014/2/18,8530,8564,8506,8562,8544,0.67,0.57,68.93,9191,5616
2014/2/19,8535,8569,8535,8556,8559,0.65,0.57,64.63,6848,-1472
2014/2/20,8530,8548,8483,8485,8520.5,0.48,0.49,68.47,6283,-36
2014/2/21,8555,8598,8555,8588,8536.5,0.64,0.58,50.98,8285,-1039
2014/2/24,8591,8605,8534,8549,8568.5,0.56,0.54,31.46,8112,-1891
2014/2/25,8603,8608,8565,8573,8561,0.60,0.56,16.74,10085,-2337
2014/2/26,8565,8627,8553,8607,8590,0.65,0.59,34.34,14272,-3085
2014/2/27,8609,8631,8602,8625,8616,0.68,0.60,47.51,16809,-2538
2014/3/3,8559,8580,8510,8566,8595.5,0.52,0.54,65.19,12006,-1495
2014/3/4,8560,8582,8539,8552,8559,0.49,0.52,70.61,9317,-1511
2014/3/5,8640,8647,8610,8619,8585.5,0.62,0.58,59.65,11829,-1654
2014/3/6,8623,8709,8619,8694,8656.5,0.72,0.64,68.91,21498,1355
2014/3/7,8730,8772,8676,8704,8699,0.73,0.64,79.42,24858,1990
2014/3/10,8673,8694,8654,8676,8690,0.65,0.61,58.72,20113,-478
2014/3/11,8690,8723,8678,8713,8694.5,0.70,0.64,61.34,18208,-1212
2014/3/12,8666,8673,8645,8659,8686,0.55,0.57,38.7,13043,-1655
2014/3/13,8702,8756,8694,8742,8700.5,0.68,0.63,52.55,17561,-1112
2014/3/14,8673,8701,8671,8692,8717,0.56,0.58,35.97,14980,-523
2014/3/17,8703,8715,8655,8699,8695.5,0.57,0.58,25.14,13599,1089
2014/3/18,8745,8751,8712,8728,8713.5,0.63,0.61,37.39,13553,3698
2014/3/19,8734,8742,8684,8696,8712,0.54,0.57,28.69,6901,-3991
2014/3/20,8638,8639,8561,8568,8632,0.32,0.44,56.48,-763,-3006
2014/3/21,8586,8598,8558,8573,8570.5,0.34,0.45,70.67,1766,-2261
2014/3/24,8550,8605,8523,8601,8587,0.41,0.48,81.31,3916,-2815
2014/3/25,8589,8660,8576,8658,8629.5,0.53,0.53,51.82,8859,-1317
2014/3/26,8708,8722,8682,8712,8685,0.62,0.58,59.33,12895,76
2014/3/27,8705,8756,8695,8754,8733,0.68,0.61,69.48,18542,898
2014/3/28,8754,8776,8729,8736,8745,0.63,0.59,77.74,14834,-717
2014/3/31,8779,8794,8734,8790,8763,0.71,0.63,84.39,17699,4446
2014/4/1,8780,8833,8773,8828,8809,0.75,0.66,90.44,21926,3451
2014/4/2,8850,8888,8841,8855,8841.5,0.78,0.68,94.58,20165,3933
2014/4/3,8858,8878,8845,8867,8861,0.79,0.69,96.64,22895,4335
2014/4/7,8811,8861,8803,8858,8862.5,0.75,0.67,64.42,23521,1359
2014/4/8,8853,8887,8837,8877,8867.5,0.78,0.69,45.81,24663,2585
2014/4/9,8886,8903,8878,8896,8886.5,0.81,0.70,49.46,26170,4239
2014/4/10,8929,8939,8866,8907,8901.5,0.82,0.71,65.72,26583,6880
2014/4/11,8850,8891,8840,8869,8888,0.63,0.64,34.7,26094,3875
2014/4/14,8870,8885,8853,8856,8862.5,0.57,0.62,19.19,24640,2325
2014/4/15,8861,8902,8859,8896,8876,0.68,0.66,36.36,28625,3182
2014/4/16,8910,8956,8887,8954,8925,0.77,0.71,63.02,17929,-3726
2014/4/17,8884,8910,8872,8895,8924.5,0.57,0.61,47.73,20891,-1354
2014/4/18,8961,8972,8916,8917,8906,0.61,0.63,64.2,18872,-1292
2014/4/21,8917,8926,8903,8922,8919.5,0.62,0.64,51.62,21171,99
2014/4/22,8925,8962,8917,8950,8936,0.68,0.66,62.42,23324,-542
2014/4/23,8970,8980,8910,8922,8936,0.57,0.61,72.63,19845,-1365
2014/4/24,8928,8942,8915,8935,8928.5,0.61,0.63,77.73,21250,-1458
2014/4/25,8925,8928,8743,8750,8842.5,0.25,0.40,82.66,10642,-4292
2014/4/28,8698,8835,8690,8818,8784,0.41,0.48,87.39,15555,-6682
2014/4/29,8828,8855,8809,8838,8828,0.45,0.50,69.01,14870,-5938
2014/4/30,8850,8857,8750,8755,8796.5,0.33,0.42,73.65,13829,-4342
2014/5/2,8768,8843,8761,8840,8797.5,0.49,0.51,75.97,19147,-3935
2014/5/5,8864,8888,8802,8828,8834,0.47,0.50,55.08,15848,-1913
2014/5/6,8849,8889,8813,8881,8854.5,0.56,0.54,45.53,16347,-2318
2014/5/7,8845,8861,8809,8839,8860,0.48,0.50,28.58,16527,-1076
2014/5/8,8860,8887,8836,8880,8859.5,0.56,0.54,51.01,18983,121
2014/5/9,8888,8889,8833,8842,8861,0.48,0.50,50.18,13964,1386
2014/5/12,8842,8850,8790,8821,8831.5,0.44,0.48,60.11,13663,862
2014/5/13,8855,8875,8821,8829,8825,0.46,0.49,35.99,14750,-1743
2014/5/14,8855,8885,8830,8883,8856,0.58,0.54,36.19,18752,-2934
2014/5/15,8868,8887,8857,8877,8880,0.57,0.54,39.47,17169,-902
2014/5/16,8842,8883,8816,8876,8876.5,0.56,0.54,55.76,17543,28
2014/5/19,8876,8901,8869,8887,8881.5,0.59,0.55,28.3,21269,3241
2014/5/20,8902,8926,8890,8896,8891.5,0.62,0.56,40.69,23283,1460
2014/5/21,8892,8909,8850,8860,8878,0.47,0.51,42.12,19862,-3920
2014/5/22,8873,8960,8866,8957,8908.5,0.70,0.61,43.55,27259,-1925
2014/5/23,8971,9014,8966,9011,8984,0.77,0.66,59.85,26756,-2863
2014/5/26,9020,9049,9009,9040,9025.5,0.80,0.68,73.05,26390,-1914
2014/5/27,9047,9058,9025,9056,9048,0.81,0.69,80.88,26268,-2216
2014/5/28,9062,9144,9055,9135,9095.5,0.87,0.74,89.16,28761,-2949
2014/5/29,9132,9149,9111,9114,9124.5,0.79,0.71,93.41,24570,-1372
2014/5/30,9121,9130,9086,9089,9101.5,0.70,0.67,50.85,23327,-2384
2014/6/3,9112,9133,9061,9106,9097.5,0.73,0.68,46.99,21689,-1085
2014/6/4,9118,9124,9097,9102,9104,0.71,0.68,45.06,21593,-2281
2014/6/5,9117,9118,9074,9116,9109,0.74,0.69,62.18,22948,770
2014/6/6,9138,9158,9120,9125,9120.5,0.75,0.70,53.18,22367,1760
2014/6/9,9140,9155,9129,9144,9134.5,0.79,0.71,48.68,24836,2876
2014/6/10,9159,9202,9155,9185,9164.5,0.85,0.75,67.75,25970,3068
2014/6/11,9194,9212,9183,9210,9197.5,0.87,0.76,78.91,26511,5625
2014/6/12,9195,9215,9181,9202,9206,0.82,0.75,85.12,26970,7054
2014/6/13,9170,9199,9156,9195,9198.5,0.77,0.73,62.08,25739,6993
2014/6/16,9180,9214,9175,9200,9197.5,0.78,0.73,42.79,26333,7659
2014/6/17,9207,9248,9203,9242,9221,0.85,0.77,58.81,24239,5565
2014/6/18,9241,9307,9208,9302,9272,0.91,0.81,75.63,10737,-2355
2014/6/19,9187,9237,9181,9226,9264,0.59,0.65,46.47,11976,-1098
2014/6/20,9227,9230,9178,9179,9202.5,0.46,0.58,27.21,8833,761
2014/6/23,9179,9206,9151,9167,9173,0.44,0.56,41.46,9835,-880
2014/6/24,9174,9198,9165,9173,9170,0.46,0.56,48.58,8423,-306
2014/6/25,9146,9170,9137,9156,9164.5,0.41,0.54,67.86,9375,-815
2014/6/26,9181,9237,9176,9230,9193,0.62,0.63,62.65,13002,-215
2014/6/27,9231,9244,9205,9206,9218,0.54,0.59,63,11775,321
2014/6/30,9220,9307,9218,9290,9248,0.70,0.67,76.27,14560,-851
2014/7/1,9299,9401,9289,9380,9335,0.79,0.73,86.46,11803,-352
2014/7/2,9404,9488,9310,9400,9390,0.80,0.74,92.49,9135,2789
2014/7/3,9396,9463,9367,9455,9427.5,0.84,0.77,95.51,10828,2070
2014/7/4,9488,9494,9411,9453,9454,0.84,0.77,97.34,8350,4227
2014/7/7,9452,9453,9398,9451,9452,0.83,0.76,71.29,9930,2997
2014/7/8,9452,9492,9440,9477,9464,0.85,0.78,75.21,11753,1876
2014/7/9,9450,9477,9436,9463,9470,0.78,0.75,67.08,10917,885
2014/7/10,9466,9556,9462,9553,9508,0.87,0.80,79.78,12711,3484
2014/7/11,9540,9566,9450,9486,9519.5,0.64,0.69,67,8281,3698
2014/7/14,9479,9529,9478,9523,9504.5,0.70,0.71,60.61,11538,6048
2014/7/15,9575,9581,9534,9560,9541.5,0.74,0.73,75.15,7377,6230
2014/7/16,9547,9564,9475,9483,9521.5,0.54,0.62,53.19,3732,1529
2014/7/17,9392,9402,9326,9357,9420,0.35,0.49,68.45,233,924
2014/7/18,9285,9372,9281,9339,9348,0.33,0.47,78.65,3605,-364
2014/7/21,9380,9406,9356,9365,9352,0.39,0.50,53.26,4229,1222
2014/7/22,9384,9434,9352,9431,9398,0.52,0.56,34.89,7651,519
2014/7/24,9456,9470,9432,9468,9449.5,0.58,0.59,45.39,9039,4989
2014/7/25,9460,9465,9357,9390,9429,0.44,0.51,46.41,1889,3525
2014/7/28,9370,9422,9342,9386,9388,0.44,0.50,52.43,4400,1492
2014/7/29,9425,9446,9343,9360,9373,0.39,0.48,28.79,966,1254
2014/7/30,9367,9429,9366,9414,9387,0.51,0.53,16.97,5587,767
2014/7/31,9433,9438,9265,9290,9352,0.33,0.42,51.71,-2553,2794
2014/8/1,9236,9264,9209,9251,9270.5,0.29,0.40,72.41,-103,4551
2014/8/4,9260,9297,9233,9285,9268,0.37,0.43,47.35,-234,6612
2014/8/5,9249,9256,9083,9097,9191,0.21,0.32,64.71,-4382,11494
2014/8/6,9079,9129,9059,9097,9097,0.21,0.32,75.16,-1900,6061
2014/8/7,9111,9134,9065,9093,9095,0.21,0.32,73.33,-3829,6691
2014/8/8,9052,9093,8991,9090,9091.5,0.21,0.32,82.28,-1582,4247
2014/8/11,9132,9162,9110,9139,9114.5,0.35,0.37,49.41,-4353,7480
2014/8/12,9152,9158,9103,9122,9130.5,0.33,0.36,26.99,-1381,9467
2014/8/13,9132,9204,9120,9199,9160.5,0.51,0.45,43.18,4502,8226
2014/8/14,9228,9253,9203,9219,9209,0.55,0.47,62.45,3706,9631
2014/8/15,9210,9218,9154,9202,9210.5,0.51,0.45,37.97,2724,9939
2014/8/18,9212,9223,9126,9140,9171,0.38,0.40,41.93,-2840,10672
2014/8/19,9161,9249,9161,9237,9188.5,0.58,0.50,27.94,3502,6983
2014/8/20,9253,9285,9244,9275,9256,0.63,0.53,43.83,1944,3062
2014/8/21,9260,9266,9200,9230,9252.5,0.54,0.49,37.19,-1557,3430
2014/8/22,9249,9388,9247,9378,9304,0.71,0.60,52.81,4049,2256
2014/8/25,9386,9399,9365,9391,9384.5,0.72,0.61,62.51,1225,3124
2014/8/26,9386,9408,9375,9390,9390.5,0.72,0.61,69.65,1669,4608
2014/8/27,9421,9498,9420,9477,9433.5,0.80,0.67,82.12,6258,5646
2014/8/28,9492,9500,9469,9478,9477.5,0.80,0.67,88.44,5229,5410
2014/8/29,9456,9485,9432,9471,9474.5,0.77,0.66,50.34,5564,5238
2014/9/1,9473,9550,9470,9528,9499.5,0.82,0.69,56.02,5258,8731
2014/9/2,9512,9514,9388,9409,9468.5,0.52,0.56,47.64,-1405,9685
2014/9/3,9415,9482,9399,9449,9429,0.59,0.59,43.45,807,8267
2014/9/4,9447,9448,9380,9424,9436.5,0.53,0.56,52.49,-1962,7366
2014/9/5,9444,9463,9370,9406,9415,0.50,0.54,27.4,-2717,8570
2014/9/9,9426,9530,9425,9429,9417.5,0.55,0.56,51.73,-509,8181
2014/9/10,9380,9402,9310,9347,9388,0.39,0.48,51.61,-5615,8607
2014/9/11,9376,9385,9300,9301,9324,0.32,0.44,54.27,-7091,8124
2014/9/12,9325,9328,9229,9246,9273.5,0.26,0.40,68.81,-7629,7834
2014/9/15,9206,9244,9172,9219,9232.5,0.23,0.38,80.22,-5308,6847
2014/9/16,9219,9233,9141,9153,9186,0.18,0.34,87.39,-9423,7070
2014/9/17,9195,9248,9148,9172,9162.5,0.24,0.36,66.33,-5758,4615
2014/9/18,9234,9265,9213,9241,9206.5,0.42,0.44,37.02,-8254,4912
2014/9/19,9281,9304,9240,9263,9252,0.47,0.46,51.25,-8868,7363
2014/9/22,9202,9205,9100,9128,9195.5,0.29,0.36,60.57,-13248,7156
2014/9/23,9106,9152,9102,9114,9121,0.28,0.35,65.22,-11815,4118
2014/9/24,9095,9142,9081,9126,9120,0.31,0.37,72.51,-13290,4982
2014/9/25,9158,9168,8995,9026,9076,0.21,0.31,83.52,-20131,6391
2014/9/26,8958,9022,8937,8982,9004,0.18,0.28,90.38,-16182,3198
2014/9/29,8991,9008,8943,8981,8981.5,0.18,0.28,93.81,-16827,5646
2014/9/30,8961,9021,8871,8991,8986,0.22,0.30,96.51,-22452,3396
2014/10/1,8943,9015,8911,8980,8985.5,0.21,0.29,97.86,-18300,5255
2014/10/2,8920,9020,8905,8992,8986,0.26,0.31,98.61,-19555,4469
2014/10/3,9004,9107,8994,9098,9045,0.57,0.45,84.1,-14375,8936
2014/10/6,9098,9110,9056,9085,9091.5,0.53,0.44,77.69,-21008,11591
2014/10/7,9034,9048,8976,9018,9051.5,0.39,0.38,67.14,-21842,7373
2014/10/8,8986,9029,8928,8932,8975,0.28,0.32,72.12,-19886,4868
2014/10/9,8997,9039,8948,8980,8956,0.40,0.38,60.04,-19085,3054
2014/10/13,8798,8818,8712,8712,8846,0.19,0.25,77.05,-19427,1093
2014/10/14,8730,8759,8702,8743,8727.5,0.25,0.28,85.77,-15890,2236
2014/10/15,8743,8763,8641,8646,8694.5,0.20,0.25,91.39,-17265,1900
2014/10/16,8583,8683,8506,8628,8637,0.19,0.24,95.2,-19092,-871
2014/10/17,8658,8673,8497,8499,8563.5,0.14,0.20,97.15,-20263,-1961
2014/10/20,8599,8681,8588,8660,8579.5,0.39,0.35,85.45,-14513,-2948
2014/10/21,8655,8663,8616,8639,8649.5,0.37,0.34,79.6,-14299,-4008
2014/10/22,8748,8764,8714,8744,8691.5,0.50,0.42,78.11,-11259,-2060
2014/10/23,8732,8740,8702,8722,8733,0.47,0.40,62.3,-11929,-2073
2014/10/24,8742,8746,8609,8641,8681.5,0.39,0.37,61.05,-14081,-927
2014/10/27,8675,8686,8592,8643,8642,0.39,0.37,64.64,-10811,-3895
2014/10/28,8666,8805,8663,8792,8717.5,0.59,0.48,60.94,-5401,-2836
2014/10/29,8833,8905,8818,8879,8835.5,0.66,0.53,70.99,-3777,-694
2014/10/30,8878,8889,8838,8879,8879,0.66,0.53,76.01,-5258,425
2014/10/31,8887,8978,8867,8975,8927,0.74,0.58,84.82,-2469,2978
2014/11/3,8978,9027,8942,8981,8978,0.74,0.59,90.57,-2713,3960
2014/11/4,8984,9055,8968,8991,8986,0.75,0.59,94.05,-729,2944
2014/11/5,9030,9039,8960,8985,8988,0.73,0.59,80.29,-2885,2121
2014/11/6,8976,9005,8890,8903,8944,0.54,0.52,67.91,-4671,1074
2014/11/7,8924,8943,8862,8937,8920,0.59,0.54,69.94,-3001,1183
2014/11/10,8965,9092,8952,9073,9005,0.74,0.63,67.54,3336,-345
2014/11/11,9088,9105,9048,9061,9067,0.71,0.62,68.47,-2946,1339
2014/11/12,9028,9034,8901,8905,8983,0.45,0.49,61.72,-5966,2129
2014/11/13,8920,8978,8903,8960,8932.5,0.52,0.53,58.35,227,1498
2014/11/14,8980,8996,8933,8962,8961,0.53,0.53,36.17,1984,2316
2014/11/17,8959,9043,8872,8899,8930.5,0.43,0.48,52.68,3839,1455
2014/11/18,8951,8958,8839,8873,8886,0.40,0.47,67.25,-1392,-1555
2014/11/19,8905,8985,8877,8953,8913,0.54,0.53,38.04,6256,-1950
2014/11/20,9031,9104,9012,9091,9022,0.69,0.61,57.03,12109,-1805
2014/11/21,9119,9125,9081,9103,9097,0.70,0.62,69.11,9198,627
2014/11/24,9135,9170,9109,9130,9116.5,0.72,0.63,79.67,9575,2801
2014/11/25,9116,9150,9069,9108,9119,0.67,0.61,41.13,11245,2866
2014/11/26,9126,9143,9102,9120,9114,0.68,0.62,21.86,10180,2954
2014/11/27,9136,9235,9136,9175,9147.5,0.75,0.65,51.63,12906,1661
2014/11/28,9202,9208,9174,9179,9177,0.75,0.65,66.52,12066,2375
2014/12/1,9036,9182,8991,9119,9149,0.57,0.59,71.06,11809,2471
2014/12/2,9092,9098,9001,9030,9074.5,0.40,0.50,73.34,3274,3918
2014/12/3,9051,9215,9035,9209,9119.5,0.65,0.62,59.35,13293,5426
2014/12/4,9213,9266,9201,9220,9214.5,0.66,0.63,62.6,9480,6499
2014/12/5,9203,9231,9182,9214,9217,0.65,0.62,46.11,9516,5845
2014/12/8,9264,9265,9168,9186,9200,0.59,0.59,53.31,5141,7224
2014/12/9,9142,9174,9121,9131,9158.5,0.48,0.54,40.39,4812,5513
2014/12/10,9092,9136,9003,9046,9088.5,0.36,0.47,60.53,-1045,5535
2014/12/11,8976,9048,8958,9009,9027.5,0.31,0.44,74.07,983,3460
2014/12/12,9023,9069,9003,9005,9007,0.31,0.44,57.31,2034,5126
2014/12/15,8958,9038,8925,9033,9019,0.39,0.47,68.27,3829,4164
2014/12/16,8971,9041,8963,8979,9006,0.31,0.43,69.48,-2688,2998
2014/12/17,8970,8985,8834,8843,8911,0.19,0.34,81.87,-8635,370
2014/12/18,8902,8927,8857,8858,8850.5,0.23,0.35,88.06,-6789,494
2014/12/19,8962,9040,8958,9017,8937.5,0.52,0.49,68.58,4071,-1515
2014/12/22,9031,9100,9023,9094,9055.5,0.61,0.55,70.03,10543,-201
2014/12/23,9134,9140,9097,9114,9104,0.63,0.56,76.02,8961,-876
2014/12/24,9120,9183,9103,9176,9145,0.69,0.60,82.99,10509,-362
2014/12/25,9171,9195,9162,9181,9178.5,0.70,0.60,87.48,11085,-156
2014/12/26,9178,9230,9173,9227,9204,0.74,0.63,91.87,11316,361
2014/12/27,9235,9257,9226,9255,9241,0.77,0.65,94.92,11833,1363
2014/12/29,9245,9336,9241,9309,9282,0.81,0.68,97.18,14369,-756
2014/12/30,9320,9343,9268,9286,9297.5,0.74,0.65,98.34,11080,-184
2014/12/31,9286,9303,9252,9281,9283.5,0.72,0.64,64.75,9729,-2382
2015/1/5,9238,9276,9155,9250,9265.5,0.62,0.61,69.65,10781,-945
2015/1/6,9144,9153,9017,9058,9154,0.30,0.44,80.96,3463,-265
2015/1/7,9042,9092,9033,9044,9051,0.29,0.43,86.62,4315,-1194
2015/1/8,9116,9259,9115,9256,9150,0.60,0.58,71.31,14367,769
2015/1/9,9328,9335,9217,9230,9243,0.56,0.56,72.73,6827,1395
2015/1/12,9190,9238,9157,9185,9207.5,0.50,0.53,39.1,8627,-1842
2015/1/13,9194,9275,9159,9250,9217.5,0.58,0.57,37.75,11972,-2083
2015/1/14,9235,9247,9151,9170,9210,0.47,0.51,28.62,5096,-3134
2015/1/15,9187,9230,9130,9194,9182,0.50,0.52,28.12,7999,-1186
2015/1/16,9175,9229,9082,9115,9154.5,0.40,0.47,51.14,7248,-1332
2015/1/19,9211,9260,9142,9181,9148,0.50,0.51,28,10080,-32
2015/1/20,9220,9269,9183,9267,9224,0.61,0.57,26.35,12551,-2382
2015/1/21,9282,9316,9274,9309,9288,0.65,0.59,51.33,12046,-2955
2015/1/22,9360,9404,9342,9388,9348.5,0.72,0.64,72.34,14299,-2189
2015/1/23,9455,9488,9443,9461,9424.5,0.77,0.67,84.77,15129,-4012
2015/1/26,9448,9478,9433,9465,9463,0.77,0.67,79.05,18181,-2517
2015/1/27,9522,9539,9480,9523,9494,0.81,0.70,84.14,14365,-3489
2015/1/28,9478,9534,9474,9527,9525,0.81,0.70,76.75,17781,-3479
2015/1/29,9497,9502,9426,9428,9477.5,0.58,0.60,56.78,9085,-5396
2015/1/30,9460,9472,9385,9398,9413,0.52,0.57,63.13,7980,-5454
2015/2/2,9389,9433,9370,9420,9409,0.56,0.59,70.5,10355,-5938
2015/2/3,9434,9485,9407,9464,9442,0.63,0.62,54.62,11583,-4158
2015/2/4,9526,9556,9512,9522,9493,0.70,0.65,66.33,12751,-2961
2015/2/5,9521,9521,9470,9513,9517.5,0.68,0.64,33.77,14800,-2211
2015/2/6,9536,9543,9459,9470,9491.5,0.56,0.60,32.87,10617,219
2015/2/9,9439,9466,9416,9451,9460.5,0.52,0.58,36.67,12268,-1607
2015/2/10,9468,9473,9419,9432,9441.5,0.47,0.55,27.92,6392,-1602
2015/2/11,9462,9509,9457,9476,9454,0.58,0.59,40.68,10565,-1103
2015/2/12,9499,9500,9461,9482,9479,0.59,0.60,47.06,8910,264
2015/2/13,9510,9548,9505,9514,9498,0.66,0.62,68.05,12932,-442
2015/2/24,9582,9640,9582,9622,9568,0.80,0.70,82.63,17055,233
2015/2/25,9694,9696,9660,9683,9652.5,0.84,0.73,90.59,19849,-117
2015/2/26,9691,9692,9633,9648,9665.5,0.73,0.68,63.34,15941,92
2015/3/2,9658,9683,9615,9631,9639.5,0.68,0.66,33.73,11748,1177
2015/3/3,9645,9658,9580,9614,9622.5,0.63,0.64,44.55,8573,1744
2015/3/4,9580,9638,9571,9620,9617,0.64,0.64,54.78,11307,1120
2015/3/5,9622,9632,9551,9586,9603,0.53,0.60,68.46,8906,2050
2015/3/6,9591,9644,9566,9637,9611.5,0.64,0.64,41.6,12534,3674
2015/3/9,9580,9595,9547,9574,9605.5,0.47,0.56,51.17,8158,3132
2015/3/10,9574,9585,9514,9529,9551.5,0.38,0.51,68.76,6253,3460
2015/3/11,9466,9544,9450,9519,9524,0.37,0.50,82.44,10547,1210
2015/3/12,9529,9609,9508,9607,9563,0.58,0.58,51.29,15739,3557
2015/3/13,9616,9634,9584,9598,9602.5,0.55,0.57,48.22,9579,1693
2015/3/16,9585,9594,9535,9543,9570.5,0.43,0.51,41.53,4940,-921
2015/3/17,9580,9644,9547,9556,9549.5,0.46,0.52,39.03,4206,-960
2015/3/18,9558,9649,9558,9633,9594.5,0.62,0.59,40.82,14825,-3059
2015/3/19,9734,9769,9708,9765,9699,0.77,0.68,65.28,15599,-1024
2015/3/20,9742,9770,9733,9757,9761,0.75,0.67,77.58,11816,-181
2015/3/23,9761,9769,9726,9749,9753,0.72,0.66,68.64,11350,1020
2015/3/24,9728,9755,9696,9720,9734.5,0.64,0.63,50.52,8343,361
2015/3/25,9721,9731,9673,9688,9704,0.55,0.59,57.33,1624,-2763
2015/3/26,9580,9635,9567,9611,9649.5,0.39,0.50,75.3,798,-2526
2015/3/27,9609,9628,9525,9542,9576.5,0.30,0.44,85.6,-7767,-893
2015/3/30,9511,9562,9511,9553,9547.5,0.33,0.45,91.18,-7230,-1641
2015/3/31,9600,9610,9545,9582,9567.5,0.41,0.48,54.93,-6003,-859
2015/4/1,9540,9552,9487,9508,9545,0.30,0.41,52.92,-7273,-2247
2015/4/2,9538,9630,9535,9614,9561,0.52,0.52,47.18,620,-729
2015/4/7,9653,9660,9612,9629,9621.5,0.55,0.53,53.68,-280,1162
2015/4/8,9633,9635,9558,9570,9599.5,0.44,0.48,39.63,-5925,-181
2015/4/9,9579,9676,9564,9570,9570,0.44,0.48,35.18,-3428,-2161
2015/4/10,9628,9665,9592,9632,9601,0.57,0.54,32.96,-1454,-1194
2015/4/13,9673,9683,9633,9657,9644.5,0.61,0.56,47.1,-185,2365
2015/4/14,9641,9672,9626,9644,9650.5,0.57,0.54,33.6,-1708,2055
2015/4/15,9626,9654,9507,9520,9582,0.35,0.43,60.6,-7247,-175
2015/4/16,9561,9649,9548,9644,9582,0.56,0.54,74.09,6597,1774
2015/4/17,9619,9629,9569,9582,9613,0.47,0.49,80.84,-4411,-941
2015/4/20,9530,9583,9506,9563,9572.5,0.44,0.47,89.13,-5430,-2974
2015/4/21,9585,9613,9535,9555,9559,0.43,0.46,50.84,-11351,-3166
2015/4/22,9561,9636,9561,9614,9584.5,0.54,0.52,41.5,498,-2232
2015/4/23,9656,9854,9652,9838,9726,0.76,0.66,66.77,12435,3122
2015/4/24,9880,10000,9860,9920,9879,0.80,0.69,81.56,8144,4592
2015/4/27,9958,10031,9945,10018,9969,0.84,0.73,89.3,14003,6450
2015/4/28,10022,10033,9963,9990,10004,0.79,0.70,93.2,10155,6078
2015/4/29,9978,10022,9882,9907,9948.5,0.64,0.63,62.72,6458,1501
2015/4/30,9902,9930,9858,9877,9892,0.59,0.61,56.97,3431,1723
2015/5/4,9897,9911,9824,9885,9881,0.60,0.61,64.88,3351,3389
2015/5/5,9866,9878,9814,9848,9866.5,0.53,0.58,71.65,-493,2308
2015/5/6,9802,9865,9763,9846,9847,0.53,0.58,82.35,-1635,2235
2015/5/7,9786,9808,9745,9752,9799,0.38,0.49,88.82,-10445,236
2015/5/8,9769,9783,9713,9718,9735,0.33,0.47,93.32,-14685,-298
2015/5/11,9800,9814,9657,9722,9720,0.34,0.47,96.28,-17792,682
2015/5/12,9707,9748,9673,9706,9714,0.32,0.46,97.76,-18135,1079
2015/5/13,9712,9776,9697,9739,9722.5,0.42,0.49,55.64,-17579,-130
2015/5/14,9737,9741,9599,9605,9672,0.24,0.39,66.38,-24630,1537
2015/5/15,9635,9642,9541,9576,9590.5,0.22,0.37,77.31,-20304,1077
2015/5/18,9612,9614,9552,9598,9587,0.28,0.39,82.77,-18951,1792
2015/5/19,9616,9723,9602,9703,9650.5,0.51,0.49,71.16,-13557,1788
2015/5/20,9704,9725,9657,9668,9685.5,0.45,0.47,65.92,-12687,5465
2015/5/21,9645,9648,9512,9541,9604.5,0.30,0.38,67.08,-14598,5910
2015/5/22,9562,9649,9546,9627,9584,0.45,0.45,66.74,-9015,6100
2015/5/25,9603,9640,9550,9631,9629,0.46,0.46,66.58,-5969,6157
2015/5/26,9613,9725,9606,9659,9645,0.51,0.48,65.67,-6059,5867
2015/5/27,9607,9698,9601,9662,9660.5,0.51,0.48,58.22,-4041,2651
2015/5/28,9711,9750,9683,9729,9695.5,0.63,0.54,70.21,477,3457
2015/5/29,9741,9765,9688,9703,9716,0.56,0.52,78.6,-3830,3964
2015/6/1,9668,9713,9601,9630,9666.5,0.42,0.45,66.62,-8887,4348
2015/6/2,9586,9639,9565,9606,9618,0.39,0.44,69.37,-6928,2394
2015/6/3,9640,9648,9535,9548,9577,0.31,0.39,76.19,-16089,4337
2015/6/4,9531,9553,9301,9312,9430,0.15,0.27,86.9,-24505,4035
2015/6/5,9324,9347,9269,9309,9310.5,0.15,0.27,92.48,-21534,2449
2015/6/8,9312,9404,9235,9348,9328.5,0.24,0.31,55.26,-20850,3555
2015/6/9,9303,9346,9201,9235,9291.5,0.18,0.27,49.98,-21001,456
2015/6/10,9256,9328,9252,9284,9259.5,0.28,0.31,47.34,-20811,536
2015/6/11,9328,9333,9224,9285,9284.5,0.28,0.32,60.32,-20330,1758
2015/6/12,9272,9314,9230,9268,9276.5,0.26,0.31,66.81,-17950,1593
2015/6/15,9272,9318,9220,9245,9256.5,0.24,0.30,75.73,-17380,410
2015/6/16,9244,9258,9164,9214,9229.5,0.21,0.28,86.53,-17392,129
2015/6/17,9215,9237,9177,9181,9197.5,0.18,0.26,91.93,-9166,4061
2015/6/18,9044,9078,9011,9048,9114.5,0.11,0.21,95.84,-6641,4860
2015/6/22,9108,9203,9105,9178,9113,0.39,0.35,55.72,-2556,4579
2015/6/23,9221,9268,9208,9230,9204,0.47,0.40,51.49,-2541,5271
2015/6/24,9215,9248,9193,9246,9238,0.50,0.41,38.51,1662,3144
2015/6/25,9268,9370,9263,9342,9294,0.62,0.49,58.31,2870,1998
2015/6/26,9348,9348,9300,9322,9332,0.59,0.48,68.2,1100,3140
2015/6/29,9195,9222,9109,9139,9230.5,0.36,0.37,67.68,-1231,1997
2015/6/30,9146,9217,9124,9211,9175,0.46,0.42,67.41,2597,874
2015/7/1,9185,9319,9184,9292,9251.5,0.55,0.48,53.23,7309,2118
2015/7/2,9300,9325,9260,9277,9284.5,0.53,0.47,48.26,6494,4148
2015/7/3,9258,9305,9171,9301,9289,0.56,0.49,50.74,7175,4212
2015/7/6,9235,9297,9182,9203,9252,0.42,0.43,51.98,4340,3239
2015/7/7,9260,9303,9210,9242,9222.5,0.48,0.46,40.83,4742,721
2015/7/8,9205,9210,8912,8945,9093.5,0.25,0.32,68.25,-6144,2178
2015/7/9,8801,8939,8724,8875,8910,0.22,0.29,83.14,-6335,2561
2015/7/13,8935,9005,8902,8993,8934,0.37,0.38,63.28,1671,6492
2015/7/14,9040,9084,8982,8983,8988,0.36,0.37,38.44,4323,5597
2015/7/15,9040,9078,8989,9029,9006,0.43,0.41,26.02,2022,2302
2015/7/16,8935,8983,8900,8916,8972.5,0.33,0.36,42.66,-824,2384
2015/7/17,8906,8935,8871,8913,8914.5,0.33,0.36,56.99,2181,2793
2015/7/20,8970,9027,8804,8851,8882,0.28,0.33,48.66,-1922,1405
2015/7/21,8887,8940,8815,8937,8894,0.42,0.40,44.5,2274,1406
2015/7/22,8882,8883,8795,8811,8874,0.31,0.34,27.46,-7889,-488
2015/7/23,8778,8822,8670,8753,8782,0.27,0.32,55.62,-10370,842
2015/7/24,8720,8740,8653,8686,8719.5,0.23,0.30,71.18,-10171,701
2015/7/27,8637,8670,8493,8525,8605.5,0.16,0.25,84.09,-8204,-410
2015/7/28,8500,8591,8480,8539,8532,0.19,0.26,90.71,-10620,-103
2015/7/29,8533,8548,8440,8485,8512,0.17,0.24,94.57,-11229,725
2015/7/30,8520,8632,8509,8607,8546,0.37,0.34,60.69,-6455,-32
2015/7/31,8593,8606,8508,8575,8591,0.35,0.33,42.82,-9165,1306
2015/8/3,8546,8548,8400,8454,8514.5,0.26,0.29,56.53,-7611,-881
2015/8/4,8487,8552,8416,8464,8459,0.28,0.30,58.84,-9107,-4495
2015/8/5,8504,8547,8448,8521,8492.5,0.38,0.34,59.99,-7391,-2583
2015/8/6,8541,8579,8366,8390,8455.5,0.27,0.29,76.38,-13194,-3904
2015/8/7,8360,8423,8312,8389,8389.5,0.27,0.29,86.45,-8915,-4895
2015/8/10,8405,8461,8345,8442,8415.5,0.37,0.34,50.08,-8153,-3021
2015/8/11,8505,8556,8358,8362,8402,0.30,0.31,56.74,-8092,-6168
2015/8/12,8365,8390,8243,8301,8331.5,0.25,0.28,47.44,-8056,-8741
2015/8/13,8348,8363,8275,8305,8303,0.26,0.29,42.8,-9640,-5880
2015/8/14,8262,8334,8262,8326,8315.5,0.31,0.31,47.26,-9088,-8307
2015/8/17,8321,8330,8223,8239,8282.5,0.23,0.27,63.2,-11421,-8226
2015/8/18,8241,8276,8161,8172,8205.5,0.19,0.25,77.89,-8634,-7766
2015/8/19,8178,8179,7993,8002,8087,0.12,0.20,88.12,-5542,-4546
2015/8/20,7949,8040,7898,7973,7987.5,0.11,0.19,93.62,-1795,-5392
2015/8/21,7858,7887,7740,7744,7858.5,0.07,0.15,96.64,-1984,-9310
2015/8/24,7609,7676,7010,7345,7544.5,0.04,0.10,98.29,9107,-14563
2015/8/25,7400,7606,7318,7572,7458.5,0.26,0.25,99.12,11690,-13721
2015/8/26,7525,7678,7432,7607,7589.5,0.30,0.27,74.45,10280,-13607
2015/8/27,7656,7729,7631,7679,7643,0.36,0.31,42.47,10685,-12303
2015/8/28,7812,7902,7791,7871,7775,0.51,0.40,51.36,13458,-13778
2015/8/31,7831,8034,7802,7973,7922,0.57,0.45,65.62,9834,-11527
2015/9/1,7901,7964,7802,7829,7901,0.47,0.40,72.76,8000,-11831
2015/9/2,7768,7997,7761,7938,7883.5,0.54,0.45,42.11,11779,-11643
2015/9/3,7961,8003,7874,7975,7956.5,0.57,0.46,31.22,9911,-9795
2015/9/4,7931,8039,7872,7894,7934.5,0.50,0.43,47.52,9652,-12590
2015/9/7,7850,8008,7843,7930,7912,0.53,0.45,30.18,10542,-11714
2015/9/8,7930,7979,7880,7972,7951,0.57,0.47,21.51,12041,-10712
2015/9/9,8114,8340,8104,8334,8153,0.76,0.61,58.43,15039,-8447
2015/9/10,8226,8292,8192,8265,8299.5,0.69,0.58,76.89,8196,-4776
2015/9/11,8221,8295,8202,8266,8265.5,0.69,0.58,86.2,8687,-3598
2015/9/14,8319,8340,8210,8275,8270.5,0.70,0.58,91.93,9020,-1303
2015/9/15,8300,8333,8230,8237,8256,0.64,0.56,94.8,5414,-3223
2015/9/16,8310,8358,8270,8318,8277.5,0.70,0.59,96.83,11480,-4146
2015/9/17,8368,8478,8364,8441,8379.5,0.77,0.64,98.32,13200,-5669
2015/9/18,8418,8459,8383,8438,8439.5,0.77,0.64,99.07,11615,-4044
2015/9/21,8328,8335,8233,8270,8354,0.52,0.54,80.18,9082,-4393
2015/9/22,8295,8340,8276,8331,8300.5,0.58,0.57,66.62,13578,-3776
2015/9/23,8234,8250,8135,8142,8236.5,0.40,0.47,77.25,9577,-5551
2015/9/24,8188,8219,8047,8090,8116,0.36,0.45,85.48,10987,-5337
2015/9/25,8142,8152,8033,8119,8104.5,0.40,0.47,90.02,12744,-4667
2015/9/30,8015,8178,7983,8135,8127,0.42,0.48,93.61,15208,-4045
2015/10/1,8174,8330,8116,8307,8221,0.61,0.56,71.9,17097,-3025
2015/10/2,8283,8319,8254,8278,8292.5,0.57,0.54,61.04,13440,-3322
2015/10/5,8358,8377,8275,8331,8304.5,0.62,0.57,68.88,13946,-1221
2015/10/6,8431,8478,8365,8369,8350,0.66,0.59,80.37,14736,-1324
2015/10/7,8377,8497,8357,8491,8430,0.75,0.64,86.91,19462,-1604
2015/10/8,8534,8544,8422,8443,8467,0.67,0.60,91.8,16977,-2220
2015/10/12,8494,8580,8464,8552,8497.5,0.74,0.65,94.95,19222,-1724
2015/10/13,8554,8575,8511,8557,8554.5,0.75,0.65,96.53,17410,-1732
2015/10/14,8521,8554,8492,8520,8538.5,0.67,0.62,50.17,16030,-2588
2015/10/15,8565,8668,8565,8609,8564.5,0.75,0.66,67.92,16221,-3357
2015/10/16,8588,8627,8571,8607,8608,0.74,0.66,76.8,14404,-1891
2015/10/19,8627,8670,8588,8623,8615,0.76,0.67,85.26,16466,305
2015/10/20,8644,8663,8629,8659,8641,0.79,0.68,89.49,15799,-43
2015/10/21,8690,8704,8593,8617,8638,0.67,0.64,93.75,10066,-3610
2015/10/22,8588,8633,8566,8595,8606,0.61,0.62,49.03,14907,-4068
2015/10/23,8742,8752,8669,8694,8644.5,0.73,0.67,65.26,12676,-2696
2015/10/26,8730,8765,8716,8733,8713.5,0.77,0.69,74.77,15331,-1247
2015/10/27,8722,8728,8655,8694,8713.5,0.66,0.65,49.09,13406,-432
2015/10/28,8685,8710,8613,8638,8666,0.54,0.60,53.33,10134,-715
2015/10/29,8681,8685,8545,8547,8592.5,0.39,0.52,67.98,10914,-368
2015/10/30,8560,8600,8484,8570,8558.5,0.44,0.54,79.78,12576,-1424
2015/11/2,8535,8598,8502,8587,8578.5,0.47,0.55,85.67,13981,-669
2015/11/3,8665,8740,8645,8719,8653,0.67,0.63,76.3,17491,-1508
2015/11/4,8765,8900,8751,8882,8800.5,0.79,0.71,82.37,17097,740
2015/11/5,8879,8899,8832,8872,8877,0.77,0.70,85.41,14615,969
2015/11/6,8850,8858,8650,8689,8780.5,0.49,0.55,68.92,9230,1725
2015/11/9,8677,8748,8597,8628,8658.5,0.43,0.51,67.89,10277,2687
2015/11/10,8581,8592,8512,8533,8580.5,0.35,0.46,75.55,8799,3484
2015/11/11,8507,8549,8372,8378,8455.5,0.25,0.39,84.57,8342,4789
2015/11/12,8404,8461,8354,8459,8418.5,0.36,0.44,89.53,13472,6872
2015/11/13,8380,8472,8318,8356,8407.5,0.30,0.39,92.98,8617,4116
2015/11/16,8245,8307,8212,8288,8322,0.26,0.36,95.91,13406,4981
2015/11/17,8370,8490,8369,8437,8362.5,0.44,0.45,68.14,15584,5700
2015/11/18,8440,8450,8326,8335,8386,0.37,0.41,36.88,6134,-1220
2015/11/19,8371,8460,8323,8447,8391,0.48,0.47,26.12,11499,143
2015/11/20,8430,8475,8396,8443,8445,0.48,0.47,30.75,9248,270
2015/11/23,8488,8511,8407,8481,8462,0.52,0.49,50.24,10689,1115
2015/11/24,8461,8494,8362,8401,8441,0.43,0.45,38.68,8394,-1686
2015/11/25,8412,8418,8320,8384,8392.5,0.42,0.44,51.7,9865,-1313
2015/11/26,8412,8525,8410,8499,8441.5,0.56,0.51,53.15,15018,-874
2015/11/27,8520,8534,8377,8390,8444.5,0.44,0.45,30,9154,-1903
2015/11/30,8311,8345,8202,8297,8343.5,0.36,0.41,52.5,6590,638
2015/12/1,8360,8463,8317,8456,8376.5,0.53,0.50,33.21,14340,-117
2015/12/2,8433,8510,8415,8452,8454,0.53,0.50,35.97,13416,-176
2015/12/3,8388,8490,8363,8470,8461,0.55,0.51,25.63,14525,-19
2015/12/4,8361,8410,8326,8393,8431.5,0.45,0.46,35.56,11827,-108
2015/12/7,8495,8550,8455,8470,8431.5,0.55,0.51,48.11,11635,-638
2015/12/8,8438,8451,8318,8331,8400.5,0.40,0.44,40.97,3731,-136
2015/12/9,8311,8328,8212,8220,8275.5,0.31,0.39,53.16,2160,661
2015/12/10,8182,8208,8101,8188,8204,0.29,0.37,67.91,4825,2729
2015/12/11,8200,8220,8068,8070,8129,0.22,0.33,77.27,6578,908
2015/12/14,7976,8065,7949,8060,8065,0.22,0.33,86.11,9754,-1772
2015/12/15,8077,8137,8048,8065,8062.5,0.23,0.33,48.64,8807,-453
2015/12/16,8180,8209,8112,8198,8131.5,0.46,0.43,44.43,10949,-89
2015/12/17,8202,8303,8176,8282,8240,0.56,0.48,58.67,12871,837
2015/12/18,8248,8319,8206,8229,8255.5,0.49,0.45,67.92,10501,372
2015/12/21,8173,8283,8133,8280,8254.5,0.56,0.48,47.54,13242,1789
2015/12/22,8257,8297,8220,8275,8277.5,0.55,0.48,25.63,12796,2402
2015/12/23,8301,8347,8267,8288,8281.5,0.57,0.49,40.42,14669,522
2015/12/24,8346,8388,8293,8317,8302.5,0.61,0.51,58.62,14879,-1169
2015/12/25,8335,8378,8306,8374,8345.5,0.69,0.55,67.72,17396,-905
2015/12/28,8370,8394,8349,8354,8364,0.64,0.53,77.25,15460,-2127
2015/12/29,8321,8347,8263,8288,8321,0.49,0.48,72,10412,-2056
2015/12/30,8313,8329,8226,8258,8273,0.43,0.46,76.26,7069,-1557
2015/12/31,8240,8300,8234,8275,8266.5,0.47,0.48,78.39,10087,-2942
